demo bs 32 and rl bs 128, without restarts
3.0282269954681396, 0.9180395739419119, -0.5634289393589521, 0.23615378977653262
0.2989446597439902, 0.559831953048706, -0.17852623824001057, 0.29053593597685295
0.5043007331235069, 0.6089567150388445, -0.2648649161274079, 0.2762010378452639
0.714041428906577, 0.6564550110271998, -0.29452007935227204, 0.2700863548088819
0.8693679758480617, 0.6893738729613168, -0.3873834161361931, 0.2592782416225721
0.9823250532150268, 0.711946541922433, -0.43189834773814556, 0.25587213442971307
1.0318147250584193, 0.7213952268872942, -0.5289821627714748, 0.24023191231147692
1.0573810356003897, 0.7261365958622523, -0.6468335353226089, 0.22471950661080578
1.0685488598687307, 0.7280524066516332, -0.634419060855483, 0.22835121171859404
1.0641768319266183, 0.7271207758358547, -0.6588050855013231, 0.22676389090095955
1.0581383739198957, 0.7258790986878532, -0.45885683567030355, 0.2579414918242644
0.7735815363270896, 0.6689875313213893, -0.2496509969156857, 0.28585566262093687
0.8150068521499634, 0.6776340024811881, -0.4071848132492353, 0.2579887146906306
0.8429709698472704, 0.6833632418087551, -0.4052440342056798, 0.2629965955469136
0.8762458716120038, 0.6900941950934274, -0.5457298135152086, 0.24084043886978176
0.8941510004656655, 0.6936210666384016, -0.46957774289573223, 0.25167613332935923
0.9290700384548732, 0.7005038533891951, -0.573961376833419, 0.24185137733972323
0.9518693430083138, 0.7049262012754168, -0.4354368632969756, 0.263362055256342
0.9808996192046574, 0.7105373910495213, -0.5814627241343259, 0.24422662701302522
1.002390525170735, 0.7146159665925162, -0.5452830188053969, 0.2502028833841905
1.0229168108531408, 0.7184579474585396, -0.5609652833081784, 0.24822576584604886
1.0415828807013376, 0.7219313297952924, -0.6250686321097116, 0.23785846292351684
1.0578093222209386, 0.7248728122029986, -0.5027707867945234, 0.2509854274103418
1.0856177466256278, 0.7299467631748744, -0.5641046862583607, 0.24727081588935104
1.10390932900565, 0.7333237886428833, -0.46772146318107855, 0.25689076302417874
1.130316494192396, 0.7380669593811036, -0.5919837434776127, 0.24553979847890633
1.1510960664067948, 0.741791820526123, -0.5922679180900258, 0.24093307558602348
1.155921529020582, 0.7427781667028155, -0.5491818916052581, 0.24881934529791278
1.1694287266050065, 0.7452622788293021, -0.482803146665295, 0.2553640075493604
1.1874854002680097, 0.7485591581889561, -0.5090252341081698, 0.250769616298688
1.209232633454459, 0.752467954158783, -0.5067084442125633, 0.2555516106464589
1.2309430411883764, 0.756304863521031, -0.4212958267501865, 0.26416482314622647
1.253747878755842, 0.7602761370795114, -0.51341243305554, 0.25124343154796713
1.2738351481301444, 0.7638069135802132, -0.47933945866922545, 0.2569250958816459
1.2925963503973825, 0.7670511194637843, -0.4356338594419261, 0.26495348076180864
1.3107858078820365, 0.7701639311654227, -0.4508615614225467, 0.26078689583421993
1.3272966589246478, 0.7729472347668239, -0.3982880517529945, 0.26864037693788606
1.3480782406670706, 0.7763647113527571, -0.36053787916898733, 0.273347819224
1.3676140700067794, 0.7795443177223206, -0.38701657298952347, 0.266588489835461
1.3876210280827113, 0.7827543309756688, -0.4311075194273144, 0.2636329770709078
1.4018374749592373, 0.7850025245121547, -0.3583879200741649, 0.27331566798966384
1.4215888500213623, 0.7880420786993844, -0.3453435429061453, 0.2742847584498425
1.4408282348087855, 0.7909937466893877, -0.3817168780757734, 0.2711617305564384
1.4555060046059745, 0.7932190809931073, -0.3608470357333619, 0.27203539029384655
1.47151163986751, 0.7955932532038007, -0.3594867658490936, 0.2718826580482225
1.4829157829284667, 0.7972377164023263, -0.31878988198392716, 0.2792237820879867
1.4957647153309412, 0.7990908758980887, -0.29501494268576306, 0.2829858357241998
1.50747469493321, 0.8007866467748369, -0.3695915667340159, 0.26998063176870346
1.5200499330248152, 0.8026025261197771, -0.2818979929046084, 0.28324143037510413
1.5340419837406702, 0.8046010988099235, -0.2741975619768103, 0.28419591525259125
1.5485352175576346, 0.8066701616559709, -0.3274018450950583, 0.2764946459016452
1.5612518855503628, 0.8084688765662057, -0.2729711717305084, 0.28626058289470774
1.5742698158536639, 0.8102803315435138, -0.3189069606984655, 0.2781768554511169
1.5892786366598948, 0.8123697076525007, -0.26072529175629217, 0.2861377513812234
1.6055467299052648, 0.8145955988339015, -0.2345918100327253, 0.2903741862004002
1.6204079491751535, 0.816608887059348, -0.31054455903358763, 0.2808694934938103
1.6331211805343628, 0.8183088149343218, -0.23942454578354957, 0.29174961972360813
1.6473702941622053, 0.8201840690204075, -0.29043815160791076, 0.2818763932834069
1.6585928167615618, 0.8216534342084613, -0.2328117969179099, 0.29532400487611693
1.6707410369600568, 0.8232337355613708, -0.2623811104955772, 0.28908385173417633
1.6777537379946028, 0.824134133543287, -0.1922377552643108, 0.3012444335812082
1.6881702831813268, 0.825457307270595, -0.21184621956975508, 0.2961976817653824
1.7002039739063808, 0.8269833224160331, -0.2380703710174809, 0.2904193055195113
1.7103654180254255, 0.8282703399658203, -0.22992941954483587, 0.2931019081734121
1.700099161693028, 0.8269973346165248, -0.24511489450621113, 0.29054093679102766
1.7079771382468087, 0.8279979246003287, -0.2321977311124404, 0.29225523366282385
1.7149214063371931, 0.8288798434393746, -0.15948545156667632, 0.3045413264383872
1.704999453680856, 0.8276631491524833, -0.12729105275745195, 0.3106055946554988
1.6994710275105067, 0.8269856299672808, -0.1711072323378176, 0.302700727324312
1.6644485814230783, 0.8224516562053136, -0.0943156861079236, 0.31714176658230514
1.6299092429024833, 0.8179637108530317, -0.17263431646279057, 0.3026689138884345
1.6335179090499878, 0.8184599740164621, -0.14016071117172638, 0.30814365359644097
1.6210545710154942, 0.8168278881481715, -0.1520446380600333, 0.30553140413636964
1.609163498878479, 0.8151891027178083, -0.08233953560314451, 0.31970909486214316
1.6168072257723127, 0.816231564113072, -0.16417494090273974, 0.30292402533814317
1.6230263573782784, 0.8170830845832825, -0.1494237492637088, 0.30671611707657576
1.6313259805951799, 0.8181970988001143, -0.11232989514246582, 0.3127697867651781
1.6282257761274066, 0.8177555799484253, -0.10497283842414618, 0.31409274336571497
1.63839407988957, 0.8191045369420733, -0.12790652705007236, 0.3113368013873696
1.645884302684239, 0.8200669714382717, -0.1163064194843173, 0.31311927782371635
1.6549271481377739, 0.8212457656860351, -0.13467010917762914, 0.30844720561678207
1.665895526749747, 0.8226597939218794, -0.07879924789691967, 0.31993870809674263
1.6746120759419032, 0.8237764886447362, -0.14046584845830998, 0.3076891500192384
1.684441900253296, 0.8250084417206901, -0.16502932544487217, 0.3029145888673762
1.6920916489192417, 0.8259472949164254, -0.10018841689452526, 0.31495194385449093
1.7016964299338204, 0.8271406395094735, -0.1602610373714318, 0.3031516356083254
1.709289332798549, 0.828084169115339, -0.15395519385735193, 0.30654936470091354
1.715420024735587, 0.8288500547409058, -0.11088292704274261, 0.3120697067740063
1.7234884909221104, 0.8298538821084159, -0.10042436063910522, 0.31589455840488273
1.731058008330209, 0.83078807251794, -0.0924191198622187, 0.31584667212640244
1.7392295360565186, 0.8317944441522871, -0.14756103418767452, 0.3062950575258582
1.745563302721296, 0.8325455018452236, -0.12172359988714258, 0.31125229022776085
1.752981104169573, 0.8334357074328831, -0.15655874771376452, 0.3033585498730341
1.7597844805036271, 0.8342457379613604, -0.12757703258345526, 0.30938743877535063
1.76572413785117, 0.8349552273750305, -0.1255645582762857, 0.3101376175569991
1.771887537411281, 0.8356880681855338, -0.1503363807375232, 0.304704077076167
1.778666377067566, 0.8364898119653974, -0.09358637399661048, 0.31661591787512106
1.7848708391189576, 0.8372298598289489, -0.13419424742460248, 0.3089634508360178
1.789414177622114, 0.837764036655426, -0.13344316095268974, 0.3091654178375998
1.793766975402832, 0.8382665651185172, -0.16369694502403342, 0.30312545349200565
1.7984213215964182, 0.8388150470597403, -0.11254738139299053, 0.3149226537595193
1.7994088990347725, 0.8389357822281974, -0.0967463149378697, 0.3166911487157145
1.8026666845594133, 0.839309309210096, -0.11848068322675925, 0.3119520706435045
1.8087222235543388, 0.8400139859744481, -0.1252344618551433, 0.31069601808364183
1.815038159915379, 0.8407465747424534, -0.09508315667820473, 0.3171256366185844
1.8199089459010533, 0.8413009200777326, -0.09982848609797655, 0.31653479890276986
1.8253612620489938, 0.8419343250138419, -0.14361635921522978, 0.30663883080706006
1.8312801803861345, 0.8426183036395481, -0.06634725713714336, 0.3223061620568236
1.837382790020534, 0.8433232596942357, -0.14517085789702833, 0.3079770353312293
1.839857428414481, 0.8436192240033831, -0.12352668610401452, 0.31160336406901473
1.8457983255386352, 0.8443041750362941, -0.08780197186085084, 0.3169666480583449
1.8514573165348598, 0.8449306845664978, -0.12716208336253962, 0.3092684408960243
1.8561460188456944, 0.8454490321023124, -0.143574235184739, 0.30809218514089787
1.860693189076015, 0.8459493688174656, -0.08253867415866503, 0.3194078668020666
1.8652698244367327, 0.8464572668075562, -0.07754329908251141, 0.3194301584735514
1.869590105329241, 0.8469372187341963, -0.15664840908721087, 0.30510085976372164
1.8741000141416277, 0.8474466970988682, -0.10326886844510831, 0.3152269340741138
1.870029285975865, 0.8469858135495867, -0.10300914050700764, 0.3162193616541724
1.874719432422093, 0.8475177798952375, -0.15074419028436142, 0.3056422754501303
1.8790999242237636, 0.8480119177273342, -0.10723457904532552, 0.3145494617832204
1.8829332419804163, 0.8484443749700273, -0.06886263098567724, 0.32267117360606784
1.8874416623796735, 0.8489521724837167, -0.10203535575419663, 0.315355102221171
1.8894363369260516, 0.849181067943573, -0.08955226528147855, 0.31815652859707666
1.8930204868316651, 0.849583397592817, -0.11870693229138853, 0.3125936235301197
1.8959526675088065, 0.8499070048332215, -0.14755584920446077, 0.306573119169722
1.8983200141361782, 0.8501714842660086, -0.08827488015716276, 0.3203126347313325
1.900671488898141, 0.8504342607089451, -0.12063714520384866, 0.31264223561932647
1.8921697412218366, 0.8495175446782793, -0.10917247909431656, 0.31526075396686787
1.8943509306226458, 0.8497616001537868, -0.06920287339016794, 0.32394541489581263
1.8957552603312902, 0.8499201399939401, -0.1387779510890444, 0.30928990275909507
1.8963828359331403, 0.8499960848263332, -0.1372558590956032, 0.30886697660510737
1.8981334141322546, 0.8501917430332728, -0.13000319587687648, 0.31003188947215676
1.899982179914202, 0.8503963351249695, -0.17802065975653628, 0.3025597920641303
1.8803410870688302, 0.8482648577008929, -0.1128113602932596, 0.3145269587015112
1.8720391988754272, 0.8473566838673183, -0.06991754317035277, 0.32274839902917546
1.8746395485741751, 0.8476547258240836, -0.0945782649020354, 0.31745560684551793
1.875739734513419, 0.8477663636207581, -0.16269456866818174, 0.30363591915617383
1.8777676275798252, 0.8479982563427516, -0.09252083996155612, 0.3178955477972825
1.8614120858056205, 0.8461989045143128, -0.08760133703860142, 0.3185335405481359
1.8647172825677054, 0.8465789437294007, -0.10064391349442303, 0.3160107469496628
1.8682937894548688, 0.8469884497778756, -0.12796377790315697, 0.3100321625048915
1.8711500304085869, 0.847315514087677, -0.13730023580137643, 0.30831085890531534
1.873015124457223, 0.8475297995976039, -0.1289835931966081, 0.31006953756635386
1.8715265205928258, 0.8473746146474566, -0.10328833009892452, 0.31540925242006773
1.8734334468841554, 0.8475938371249607, -0.08698870295969145, 0.31847047340124846
1.876562455722264, 0.8479499646595546, -0.10995995860624437, 0.31367463230465853
1.8761645112718854, 0.8479153037071228, -0.07963783969171348, 0.31929795118048787
1.8756881577628, 0.8478736400604248, -0.12128729031731683, 0.3115305711204806
1.8775914975575039, 0.8480900509016854, -0.11425798774386448, 0.31213616564249
1.8788674524852207, 0.8482357655252729, -0.10286654438823464, 0.3154155984520913
1.8749833958489555, 0.8478048528943744, -0.06692211937236908, 0.32194520455474657
1.8734700066702707, 0.8476423961775643, -0.10208995252226793, 0.3151874501879016
1.8757355826241628, 0.8478986075946263, -0.0828855565826719, 0.31849881354719395
1.8790219409125193, 0.8482679826872689, -0.06282970076426864, 0.32311335097377497
1.882375659261431, 0.8486409544944763, -0.08683555171592161, 0.3188472989325722
1.8853232485907419, 0.8489671962601798, -0.05978354811668397, 0.3234012825414539
1.8888157503945486, 0.8493523938315255, -0.026225844320530694, 0.3305966329450409
1.8922615357807704, 0.8497322354997907, -0.04703054740093649, 0.32573628239333624
1.8950395686285837, 0.8500373925481524, -0.06153191300109029, 0.32312866315866506
1.898002634729658, 0.8503613931792123, -0.08741040554984164, 0.3177854774209361
1.8994479519980294, 0.8505214469773429, -0.02332715661032125, 0.3318389048799873
1.8958647693906512, 0.8501266377312796, -0.018874134480332334, 0.33207622434323036
1.8978810446602958, 0.8503385288374764, -0.10673157372123873, 0.31386320743088925
1.9008375780923026, 0.8506598523684911, -0.06166982045397162, 0.32362205348908907
1.9032980510166713, 0.8509276066507612, -0.028566292099033806, 0.33090439687172574
1.899799987248012, 0.8505305085863386, -0.017686920085301004, 0.3318810869629185
1.9030530623027258, 0.850882375240326, -0.04029552607486645, 0.3274839015988012
1.9064134768077305, 0.8512470688138689, -0.055836436726773776, 0.3256188447897633
1.9089998653956821, 0.8515277845518929, -0.05257784330751748, 0.325289549306035
1.912145972251892, 0.8518684591565814, -0.0409667280036956, 0.32778510916978115
1.9144959449768066, 0.8521205799920218, -0.04353457239146033, 0.3279546129827698
1.9167583772114345, 0.8523641995021275, -0.04686377476900817, 0.32610797431940824
1.91824597290584, 0.8525246228490557, -0.11078887624898927, 0.3127780971117317
1.9195746830531528, 0.8526702727590288, -0.09707181044116926, 0.3160482283371191
1.9204997539520263, 0.8527719071933202, -0.06258671482404074, 0.32343456226711464
1.9218492201396398, 0.8529192294393267, -0.0014009077955658214, 0.3362322198227048
1.923908567428589, 0.8531421831675938, -0.10268766510610777, 0.31438373696679867
1.9258020605359758, 0.8533460770334517, -0.044841022638138384, 0.32676800511156523
1.9272591693060739, 0.8535029241016933, -0.09587922878563401, 0.31574714633946616
1.928960473196847, 0.8536859597478594, -0.0835594471039561, 0.31845033572365833
1.930975934437343, 0.8539021457944598, -0.0037731444463133803, 0.33490788424387574
1.9324783699853079, 0.8540641716548375, -0.07778096959615748, 0.3194226237634818
1.9349090235573905, 0.8543235727718899, -0.08453048183582725, 0.3183045815676451
1.9367133481161936, 0.854515734740666, -0.10923068085685374, 0.31267137437437975
1.9347689492361886, 0.8542998586382184, -0.09150775778107345, 0.31741625769063825
1.9361521073750088, 0.8544422183718, -0.06016730982810259, 0.3232712410390377
1.937522326196943, 0.8545850907053266, -0.06627580655428271, 0.3228670527848105
1.936510569708688, 0.8544735874448504, -0.05616852218615046, 0.3242734324497481
1.937781844820295, 0.8546091045652117, -0.0537531771697104, 0.32466541898126405
1.9378910745893205, 0.8546179005077907, -0.05461070302408188, 0.32433693359295523
1.9391121115003314, 0.8547478897230966, -0.05388064356520771, 0.32462398816520965
1.9402064629963467, 0.8548644304275512, -0.09523134282790123, 0.3158962427017589
1.941993430682591, 0.8550535815102713, -0.04389291497257848, 0.3267630874179303
1.9438620192664011, 0.8552506617137364, -0.0414819794241339, 0.32712891899670166
1.9432714121682304, 0.8551831875528608, -0.034786884750549994, 0.3290192938099305
1.9441974094935826, 0.8552824190684727, -0.021063303613724806, 0.33115248614922166
1.9470800229481289, 0.8555863056864057, -0.05903142333651582, 0.3238699149029951
1.9489654881613596, 0.8557846716472081, -0.014874417955676712, 0.3325059142274161
1.9492486340659005, 0.855816079889025, -0.07199630214987944, 0.3205309443486233
1.9514419181006295, 0.856046906539372, -0.04028078971896321, 0.32697533521180355
1.952160610471453, 0.8561214429991586, -0.030246107800242797, 0.3292816183529794
1.9522501298359463, 0.8561295253889901, -0.047391344172259174, 0.32587477611377835
1.9499212980270386, 0.8558822580746241, -0.030065703050543863, 0.32941419910639524
1.9513759068080356, 0.8560343163354056, -0.002711331161359943, 0.33532803071041906
1.950152894428798, 0.855903080531529, -0.0803226750382843, 0.31882273436834424
1.951995655468532, 0.8560959202902657, -0.04934651513273517, 0.32489353744313115
1.954319667816162, 0.8563390527452741, -0.027436242904514074, 0.33006444588924455
1.9537230559757777, 0.8562767437526158, -0.05095424239213267, 0.32517290813848376
1.9552154575075422, 0.8564325417791094, -0.0013459780796741471, 0.33639424232145154
1.95663332257952, 0.856580752985818, -0.049718370505919054, 0.3247960365066925
1.9583164725984845, 0.8567574960844857, -0.04681360900091629, 0.3258352726697921
1.9598056418555123, 0.8569133383887154, -0.08282340612883368, 0.31803001851464296
1.9605972255979265, 0.8569966810090202, -0.009471661644056446, 0.33389102046688396
1.9606958593641008, 0.8570036905152457, -0.023998531823356938, 0.3307296476947765
1.9617782967431205, 0.8571170823914664, -0.029328392042467993, 0.32931505655869847
1.9632706437792098, 0.8572719182286944, -0.019894375310589872, 0.33145845495164383
1.9619033166340418, 0.8571279202188764, -0.055521812445173645, 0.32361417884627974
1.9610919679914203, 0.8570418953895569, -0.021113320797060926, 0.3311679068331917
1.9595102310180663, 0.8568772350038801, -0.05149805701027314, 0.32481595392649376
1.9580745731081282, 0.8567290936197554, -0.07330434160151829, 0.31965734406063956
1.9572553532464163, 0.8566446764128549, -0.0640263194218278, 0.3222159952856601
1.9541783196585518, 0.8563229237283979, -0.034203503048047416, 0.32854081938664126
1.9539687292916434, 0.8563009347234454, -0.0801550098694861, 0.31802714507405955
1.9538295234952654, 0.8562866824013846, -0.07243785440611343, 0.3206453747116029
1.9540181125913347, 0.8563062633786883, -0.0818076361125956, 0.31809850782156
1.9543196031025478, 0.8563375098364694, -0.05312584224157035, 0.3242200231179595
1.9536986964089529, 0.856271299294063, -0.050074860919266925, 0.3242721784239015
1.9540428161621093, 0.8563072068350656, -0.06836584505314629, 0.3207260328345001
1.954051116534642, 0.856307533809117, -0.07112655478219192, 0.32033151015639305
1.9531464031764438, 0.8562114800725664, -0.07888396286095181, 0.318616099966069
1.9531623227255686, 0.8562125171933855, -0.047630821277077, 0.32513821373383206
1.9532042230878557, 0.8562151738575526, -0.07787051847359788, 0.31875147872293985
1.9538731132234846, 0.8562847035271781, -0.04318117276610185, 0.32646694437911106
1.95421815599714, 0.8563216737338475, -0.02168796960419663, 0.3305780181350807
1.95485429082598, 0.856388943535941, -0.024705280957277864, 0.33040461208050453
1.9556794132505144, 0.8564744540623256, -0.04609238247697551, 0.3256117566488683
1.9566811050687518, 0.8565785050392151, -0.05886113503947852, 0.322928513865918
1.9572927747453963, 0.8566416501998901, -0.029563776508439336, 0.3297167629934848
1.9577422210148403, 0.8566874572208949, -0.07831422183274603, 0.318593508253495
1.958139399119786, 0.856728150163378, -0.04692556125223746, 0.3253849266717831
1.959362486430577, 0.8568542327199663, -0.04744615964591503, 0.32530844863504177
1.9601910965783256, 0.856939389024462, -0.08162651040280858, 0.318313693938156
1.9609531334468298, 0.8570173808506557, -0.0451265787317728, 0.32568758043150103
1.9624592917306083, 0.8571720957756043, -0.05770279513671994, 0.322742416523397
1.9635166236332484, 0.857282851423536, -0.03132453700527549, 0.32888379770641524
1.9649348156792776, 0.857428777217865, -0.05677776157972402, 0.32325594903280336
1.9656735965183803, 0.8575064880507333, -0.07043877538914482, 0.32054033658156794
1.9649093900408063, 0.8574240718569074, -0.046170509808386356, 0.32547452735404175
1.9635676077433994, 0.8572806000709534, -0.04811208664129177, 0.3247673863855501
1.963071598325457, 0.8572260516030448, -0.010067101956034703, 0.33324808984374016
1.9629890986851284, 0.8572148254939488, -0.023664314144601427, 0.33091122610494494
1.9631341627665928, 0.8572278193065098, -0.024627399087573096, 0.3301919608687362
1.9631139176232475, 0.8572244235447475, -0.061460461157063655, 0.3219396111865838
1.963253038270133, 0.8572377290044512, -0.05102885010031364, 0.3240950476999084
1.9634950842176164, 0.8572612421853202, -0.07211424472431344, 0.3197349486872554
1.9636020694460188, 0.8572710054261344, -0.05055028976251682, 0.32410210060576594
1.963758291516985, 0.8572856681687492, -0.04820876390052338, 0.325329608594378
1.9638679708753313, 0.8572958724839347, -0.055676606716588146, 0.32364405955498415
1.963993205342974, 0.8573076026780265, -0.05720075887317459, 0.3228974275601407
1.964087438583374, 0.8573160971914019, -0.07508369643862049, 0.31948670325800776
1.9636780330113002, 0.8572750926017761, -0.05447750220385691, 0.3237053056557974
1.9638950450079782, 0.8572958094733102, -0.07872916307921211, 0.3185174663861593
1.963203913824899, 0.8572253448622568, -0.06267598217042783, 0.32183577260002494
1.9629802771977016, 0.8572000929287502, -0.0716673800100883, 0.31994595689078176
1.962179970741272, 0.8571183953966414, -0.06324487222203364, 0.3222535022844872
1.9615584441593714, 0.8570526599884033, -0.04759837818952898, 0.3249630049491923
1.9596650975091117, 0.8568530900137765, -0.08359965697551766, 0.3175969417206943
1.9593319518225534, 0.8568174804959978, -0.07764382101595403, 0.31864843626196176
1.9593200853892736, 0.8568147199494498, -0.08454177559663853, 0.3171227127313614
1.9591006517410279, 0.8567907946450369, -0.03933494995969039, 0.32740771879131597
1.959015917778015, 0.8567806209836687, -0.09308516668776669, 0.3158605575251082
1.9584210429872786, 0.8567209584372384, -0.058864138089120374, 0.3226041498904426
1.9582538877214704, 0.8567025576319013, -0.01717468351125717, 0.3322441298514605
1.9584763424737113, 0.8567240408488682, -0.06962944128705809, 0.320378996587048
1.9583438873291015, 0.8567093219075884, -0.014550169512707125, 0.3324149632826448
1.9585975476673672, 0.8567342553819929, -0.06827313872054219, 0.32110426450769103
1.9585643359592984, 0.8567295449120658, -0.0729963124419252, 0.3196684680879116
1.9574767521449499, 0.8566143206187657, -0.07916649182637532, 0.3187546897679566
1.95714544909341, 0.8565778527941023, -0.09684348494435349, 0.3144502829139431
1.9565841708864484, 0.8565175141607012, -0.09489094403882818, 0.3154037031345069
1.9552378041403635, 0.8563741820199149, -0.0913620578746001, 0.31600486300885683
1.9544821637017387, 0.8562924947057452, -0.022117181157227602, 0.33039226258794463
1.9545283726283482, 0.8562954970768519, -0.01539332012665303, 0.332642477316161
1.9534310579299927, 0.8561773334230696, -0.030389895817885797, 0.32897026697173715
1.9529671737125942, 0.856126652445112, -0.06323550284529725, 0.32229835276181507
1.952429154941014, 0.8560686775616237, -0.010104407478744781, 0.33370226885502535
1.95235949584416, 0.8560589483806065, -0.07520616729743779, 0.31982230332990486
1.9480207443237305, 0.8555917961256845, -0.09057939735551677, 0.3157773438530664
1.9427705696650914, 0.8550228953361512, -0.10802468440184991, 0.31213952011118334
1.9394210645130703, 0.8546565089906965, -0.08938597916858271, 0.316473434989651
1.9372000115258352, 0.8544111864907401, -0.06984905545444538, 0.3211271214919785
1.9353519371577672, 0.8542067476681301, -0.08419108856469394, 0.317235843744129
1.9337704317910331, 0.8540377020835876, -0.06702472246251999, 0.3206978421658277
1.9328536578587123, 0.8539355107716151, -0.03281466724971929, 0.32862695570414263
1.9323606627328056, 0.8538787109511239, -0.09758990568419296, 0.3145820115072031
1.9320109367370606, 0.8538374798638481, -0.11118070688098666, 0.3115717032924295
1.9316552775246756, 0.8537966438702175, -0.09021145322670537, 0.31595822858313727
1.9316906009401593, 0.853797037260873, -0.08515608434875807, 0.31726181739941234
1.931604279790606, 0.8537848728043692, -0.05715211255786321, 0.3239318925576905
1.9313535860606603, 0.8537557874407087, -0.08840350915367405, 0.31619570326680935
1.930257569040571, 0.8536417995180402, -0.08681258124609786, 0.3165966938249766
1.930046592439924, 0.8536161831447057, -0.08756695996271448, 0.31731963669881225
1.9298074960708618, 0.8535876904215132, -0.06003260069216291, 0.32282834267243743
1.9292129891259329, 0.8535280585289001, -0.07511425546060008, 0.31965960438052815
1.929110894884382, 0.8535142421722413, -0.047649352656056486, 0.3255753326229751
1.9293601274490357, 0.8535376633916583, -0.02980864769779146, 0.32929598897074663
1.9295659337724957, 0.8535572341510228, -0.026079657162578474, 0.33026858977973456
1.928808399609157, 0.8534773009163993, 0.031871394011735305, 0.3430310149366657
1.9282070193971907, 0.8534079381397792, -0.0028701086218158338, 0.3356553468232354
1.9278257608413696, 0.8533629638808115, -0.048370765328096844, 0.3256977875716984
1.9268329688480923, 0.8532537477357047, -0.0461935696657747, 0.32606590772047633
1.9267041512898035, 0.8532376408576965, -0.021278460025011253, 0.33116198206941283
1.9263444117137365, 0.8532019683292934, -0.04963386644764494, 0.3253661678172648
1.926039923940386, 0.8531681997435433, -0.05177495508299519, 0.3243145849555731
1.926040724345616, 0.8531669225011553, -0.025437941168396115, 0.330808316046993
1.9258860043116979, 0.8531489712851388, 0.007194552279543135, 0.33775068043420714
1.9259060008185251, 0.8531492812292917, -0.07384887663647532, 0.31980872061103577
1.9258199521473476, 0.8531379052570888, -0.011294745684911806, 0.3342308027980228
1.9254078115735735, 0.8530915072986058, 0.0013652827959352524, 0.33601576912527287
1.9252932037625994, 0.8530868155615671, 0.009348056414940712, 0.33805571884537744
1.9243102550506592, 0.852992696421487, -0.04841049093132218, 0.3253475534729659
1.9235068695885795, 0.8529112577438355, -0.03502495059122642, 0.32790312605599564
1.922799379484994, 0.8528409889766149, -0.022468924580607563, 0.3312828952136138
1.9203200476510185, 0.8525730388505118, -0.06487749082346757, 0.32243660309662425
1.9187380756650652, 0.8524119053568159, -0.06644078274257481, 0.32224040819952887
1.9181220769882201, 0.8523449335779463, -0.11802371457209422, 0.3118041154618065
1.916982184137617, 0.852220230443137, -0.12469452248963837, 0.3101617209613324
1.9143261773245674, 0.8519438709531512, -0.1298905845421056, 0.30922849414249265
1.912970072882516, 0.8517953378813607, -0.1476175460654, 0.30602546501904715
1.9119713612965175, 0.8516860008239746, -0.13536412532751754, 0.3082285835407674
1.9113613060542516, 0.8516192061560495, -0.130690828897059, 0.30918729522575933
1.9108289548328945, 0.8515611001423427, -0.11527046460347873, 0.3132303625655671
1.9102849653788976, 0.8515022141592843, -0.14895875837343434, 0.30608329642564064
1.9111229794366018, 0.851612378869738, -0.15780845193269974, 0.30429876347382856
1.9113649129867554, 0.8516584379332406, -0.16709923945988223, 0.30280897797395784
1.9117462703159878, 0.8517087800162179, -0.12872676132246852, 0.31109174713492393
1.910653727395194, 0.8515986851283482, -0.16958985663950443, 0.30261025220776594
1.9096382856369019, 0.8514922295297895, -0.12755008431849998, 0.3119110666836302
1.9085587092808314, 0.8513772657939366, -0.09136612323224348, 0.3186161806806923
1.9075435842786517, 0.8512677959033421, -0.05715379159664733, 0.3254723673065503
1.9072060755320959, 0.8512314796447754, -0.1104777375391374, 0.3133475809978942
1.9050463948931013, 0.850992362839835, -0.0729749940801412, 0.3233077297918499
1.9026623794010706, 0.8507275036403111, -0.15685962916662297, 0.30488909672324854
1.8997709001813616, 0.850412050315312, -0.10672903755524507, 0.3162312586791814
1.8963716847555978, 0.8500434977667672, -0.1418184403640528, 0.30853996410345036
1.8937595810209003, 0.849753737449646, -0.13363195753966767, 0.3098290447766582
1.8917706114905222, 0.8495331065995353, -0.03306120083046456, 0.3301399579892556
1.8902787787573678, 0.8493674959455217, -0.07584800745826215, 0.3215742278844118
1.888782514844622, 0.8492016179221017, -0.11002226625957216, 0.3151281198176245
1.887645527294704, 0.8490746412958418, -0.19241000374313447, 0.29785541677847505
1.885320098059518, 0.8488191178866795, -0.23240573083360988, 0.29039702269559103
1.8829875162669591, 0.848557344504765, -0.24243892356753352, 0.2886008067677418
1.8805135692868913, 0.8482784799167088, -0.23164122489591432, 0.2901917047177752
1.878280394417899, 0.848028814792633, -0.2292554918676615, 0.2904213531874121
1.8763493537902831, 0.8478132520403181, -0.21880685600141683, 0.2929947115480899
1.8747880595070976, 0.8476385712623596, -0.23012844286859035, 0.2902285537372033
1.873461413383484, 0.8474894319261823, -0.2025249321013689, 0.29586124668518693
1.8719506434031896, 0.8473237310137067, -0.12204234938447672, 0.31268782913684845
1.8703407389777047, 0.8471472348485675, -0.09214914590120314, 0.31715297155703104
1.8696456125804357, 0.8470716646739415, -0.12078353747104606, 0.3122281826411684
1.867370172909328, 0.8468155588422502, -0.0992212735582143, 0.3157999532607695
1.8665253809520177, 0.8467238596507481, -0.07611172506585716, 0.32116146494324005
1.8655842508588518, 0.8466173035757882, -0.055454196796442076, 0.3250813920361301
1.86390609060015, 0.8464321596281869, -0.1272278904507402, 0.3110340520118674
1.8628139189311437, 0.846312507561275, -0.18184642943864066, 0.29958230955526227
1.861626318522862, 0.8461785810334342, -0.1313704193259279, 0.30962434116130066
1.860068678855896, 0.8460095541817801, -0.1365107532280187, 0.3086005630902947
1.859017447062901, 0.8458910533360072, -0.15370360274634248, 0.30571436400835716
1.8582195350102015, 0.8458042178835188, -0.16508779581636188, 0.30351848946884274
1.856815665108817, 0.8456526279449463, -0.166350789523373, 0.3019571100982527
1.8560579129627772, 0.8455662744385856, -0.0779438039365535, 0.32064036435137194
1.854701634815761, 0.845415118762425, -0.15866835415363312, 0.3036549698250989
1.8539297308240619, 0.845327593599047, -0.15034656218873957, 0.3065955981922647
1.8529681273869105, 0.8452176162174769, -0.10975758700321117, 0.313779690147688
1.852270586150033, 0.845137437752315, -0.1216792763831715, 0.3114173884193102
1.8514139822551183, 0.8450389112745013, -0.10328728992802401, 0.3157772008950511
1.850120895249503, 0.8449003645351955, -0.07933814776091214, 0.32078794389963156
1.846551673752921, 0.8444952266556877, -0.14886670350097117, 0.3056997107341885
1.8454877580915179, 0.8443753787449428, -0.08552924551380177, 0.3185679361534616
1.843968905721392, 0.8442025371960231, -0.053046469537851706, 0.3255044997980197
1.8430164916174752, 0.8440917594092233, -0.01107777565872917, 0.33426898391917337
1.8417791775294712, 0.8439478465488979, -0.0978536504941682, 0.3156547481194138
1.8408525773457118, 0.8438429815428597, -0.06991688879982877, 0.32122701049471886
1.8401306765420096, 0.8437596780913217, -0.04235177284863311, 0.3282502229946355
1.8396588632038662, 0.8437042440686907, -0.09790627530067769, 0.3169082833143573
1.8389092343194144, 0.843617730481284, -0.05104295001365243, 0.326528669645389
1.8379740374428886, 0.8435099329267229, -0.17781944138308367, 0.3004369825745622
1.8368681260517665, 0.843383298601423, -0.13900560990441593, 0.3090829631934563
1.8357081856046404, 0.8432499425751823, -0.16873118033011755, 0.3020891984924674
1.834022753579276, 0.843057107925415, -0.18207623080040017, 0.3003646655318638
1.833439496585301, 0.8429917114121573, -0.23458151084681356, 0.2901982011583945
1.8332125391278948, 0.8429706777845111, -0.10676653751094513, 0.3171346595821281
1.8323006425585067, 0.8428713202476501, -0.17773179539168873, 0.3036815631203354
1.8199363367898123, 0.8414106828825815, -0.3037516170491775, 0.2792551123226683
1.7973071677344186, 0.8386662074497768, -0.31939513732989633, 0.2759863206495841
1.7689644643238613, 0.8351199729101998, -0.3535377426693836, 0.27014343114569783
1.7414949689592634, 0.8315754498754229, -0.37939810628692305, 0.26517670694738626
1.7190810476030622, 0.8286136422838484, -0.38691631394128, 0.26286915146435297
1.7033222879682268, 0.8264853954315186, -0.39787141047418123, 0.2605415020758907
1.691513763155256, 0.8248732651982988, -0.40950902675588935, 0.2583451564423739
1.68335326058524, 0.8237529328891209, -0.41917249374091625, 0.25664255783582723
1.67523227419172, 0.8226238625390189, -0.4171308822308978, 0.25637948396615684
1.6680854422705513, 0.8216264452253069, -0.4315071965878209, 0.254089246581619
1.6625781093324934, 0.8208667431558881, -0.41821098327636724, 0.25545267962540186
1.6588616268975394, 0.8203478166035243, -0.42998451956858236, 0.25379390222951764
1.6562004327774047, 0.8199765869549343, -0.43212177138775576, 0.25344581366516655
1.6543192318507602, 0.8197144167763847, -0.42967941208432114, 0.2536010500819732
1.6528557096208845, 0.8195120692253113, -0.4182847095653413, 0.2550355480828633
1.65169198513031, 0.8193536179406302, -0.42091841467966634, 0.25471510350083315
1.6508163349969047, 0.8192336712564741, -0.41670447494834667, 0.2551976951460044
1.650146211896624, 0.819142324583871, -0.41361780123164255, 0.2556069769586126
1.6495581422533308, 0.8190625480243138, -0.412145460024476, 0.2558763630998631
1.6489982060023716, 0.8189883743013654, -0.4106669410442313, 0.2559613945583502
1.6485049997057233, 0.8189235653196062, -0.4162997923170526, 0.25535971329857904
1.648152824810573, 0.8188758543559483, -0.4232572484761476, 0.25444878575702506
1.64771888256073, 0.8188186492238726, -0.39431097544729704, 0.2591636568928759
1.647285771369934, 0.8187623858451843, -0.41150568363567186, 0.25608987469847
1.6469458750316075, 0.8187167695590428, -0.4123057884474596, 0.2559923959585527
1.6465959072113037, 0.8186711175101143, -0.40099289796004695, 0.25753639203806716
1.646307556969779, 0.8186338952609471, -0.39831003515670704, 0.2579622240737081
1.646019959449768, 0.8185964873858861, -0.40022352648278064, 0.2576846548666557
1.6457431997571672, 0.8185604061399188, -0.4032725195089976, 0.2573624574579298
1.6454943895339966, 0.8185283439499992, -0.40092915544907254, 0.25761357353379327
1.6452859776360649, 0.8185018130711147, -0.4049188767870268, 0.25713960314169526
1.6451360293797084, 0.8184825931276594, -0.3824718516940873, 0.2610418424010277
1.6449848583766393, 0.8184625846999032, -0.4038549872736137, 0.2574172381622096
1.6447879416601998, 0.8184368559292384, -0.39206760873397195, 0.25897593904907507
1.6445834806987218, 0.8184111969811576, -0.390456624639531, 0.25926747530077904
1.644481270653861, 0.8183981469699315, -0.3967111958190799, 0.25838023098185653
1.644353485107422, 0.8183827008519854, -0.37285736761987204, 0.2624401588303347
1.6442813532693046, 0.8183741416249957, -0.37539640286316467, 0.2614523262406389
1.6442501715251379, 0.8183704257011414, -0.36286722496151924, 0.263186487214019
1.6442044189998082, 0.8183650357382638, -0.36885627359151846, 0.26292687406142556
1.6441855839320592, 0.8183634059769767, -0.3809622439245383, 0.2607258786447347
1.6441270862306867, 0.8183579410825457, -0.36899638858934247, 0.2628918161305288
1.6441803353173392, 0.8183661886623927, -0.3736462130521733, 0.2618100227167209
1.644216203689575, 0.8183725476264954, -0.3810435294484099, 0.26079121356209123
1.6442819050380162, 0.818381656919207, -0.3759944522753358, 0.2615411284690102
1.644290225846427, 0.8183840819767543, -0.3722749467318256, 0.2621200423066815
1.6442850862230574, 0.8183845196451459, -0.37119454021255166, 0.2622892361444732
1.6443428652627128, 0.8183921933174133, -0.37138288902739686, 0.26226065540686244
1.6444248471941267, 0.818404039314815, -0.37350721936672926, 0.26201141656686866
1.6445298842021396, 0.8184187803949629, -0.3601322599376242, 0.2640269324183464
1.6446678808757238, 0.8184390085084098, -0.3668684056028724, 0.2630329132080078
1.6449035099574498, 0.8184728384017944, -0.3619743961219987, 0.26412727233643335
1.64526641028268, 0.8185237169265747, -0.3408776132079462, 0.2676160855529209
1.6458306074142457, 0.8186016934258598, -0.3434268605584899, 0.2671301490627229
1.6464152881077359, 0.8186836753572736, -0.32348861153392744, 0.27069992385804653
1.6471505675997054, 0.818785195691245, -0.3423327268101275, 0.2677399238261084
1.64796484879085, 0.8188995037760053, -0.2988193552785864, 0.2753866170533001
1.649017354420253, 0.819046470097133, -0.31773238411794114, 0.27166405708218616
1.6502321447644914, 0.8192154850278582, -0.3309817568709453, 0.2692682266545792
1.6514427048819407, 0.8193845050675529, -0.33140187741567695, 0.2689885318589707
1.6525599990572248, 0.8195401906967164, -0.343374236797293, 0.2668497380800545
1.653667722429548, 0.8196933320590428, -0.31174295151140546, 0.27271676063537603
1.6546578475407192, 0.819831269127982, -0.3244683506588142, 0.2705007088370621
1.6557753767286028, 0.8199885078838893, -0.32542224554345023, 0.27043325267732143
1.6569984946932113, 0.8201594335692269, -0.3374041753510635, 0.26802364271134144
1.658191636630467, 0.8203258446284702, -0.32134212118883937, 0.27088435754800844
1.6593441997255598, 0.820484549658639, -0.31349609605968, 0.2722442412438492
1.660458288873945, 0.82063866683415, -0.3193425666540862, 0.2713520623122652
1.6616705451692855, 0.8208065049988883, -0.34136608429253107, 0.2676103641279042
1.6631615809031894, 0.8210121887070793, -0.2940888225178545, 0.27655030212675535
1.6649416412625995, 0.8212568436350142, -0.27180116375287383, 0.28032066517819965
1.666929088320051, 0.8215290989194598, -0.25922333903145045, 0.2830237774178386
1.668922587803432, 0.8218034625053405, -0.24119374916578334, 0.2868315610103309
1.6708510875701905, 0.8220677358763558, -0.22788758669048553, 0.289804600023975
1.672602333341326, 0.8223072869437081, -0.23172856960445642, 0.28834917458395165
1.6740662472588674, 0.8225080456052508, -0.29709258931688964, 0.2762984572909772
1.6753178903034756, 0.8226793442453657, -0.281585986042046, 0.27861922917266685
1.6764789921896799, 0.8228366460118975, -0.19354619705700318, 0.296836991639187
1.6775567395346505, 0.8229825122015817, -0.26935542561113834, 0.2808234359448155
1.6784908941813879, 0.8231087514332363, -0.26631499594077473, 0.2816250879938404
1.6792785133634294, 0.823215479510171, -0.2585736662634493, 0.28284208740418154
1.6800038508006505, 0.823312611239297, -0.22347405428687728, 0.2897994549324115
1.6805762835911342, 0.8233907784734453, -0.24572921027235378, 0.28635818588857853
1.6811368465423584, 0.8234672921044486, -0.16935896605718884, 0.30087102468435967
1.6817257370267595, 0.8235533629144941, -0.20558114433273048, 0.29404108893747133
1.6817547730037143, 0.8235810126577104, -0.2380191294165949, 0.28716427429268765
1.6823831081390381, 0.8236642326627459, -0.21466138338049254, 0.2920285382618507
1.6827633449009487, 0.823722493648529, -0.27314563902715844, 0.27949295224001014
1.6832222393580845, 0.823784521647862, -0.2717855017011364, 0.27949462706844014
1.6833714723587037, 0.8238135610307966, -0.2610012005704145, 0.2830054550431669
1.6835639408656529, 0.823847370488303, -0.24809396856774885, 0.2844593171030283
1.6837373426982334, 0.8238804272242954, -0.30602834559977055, 0.2738788213270406
1.6836371762411935, 0.8238720655441284, -0.29299147675434756, 0.2759659672155976
1.6838918277195523, 0.8239087513514928, -0.25398615080242365, 0.28350818110629916
1.684059350831168, 0.8239399875913348, -0.2549449703656137, 0.283267575626572
1.6843747104917253, 0.8239836198943001, -0.22719445607314503, 0.2897617678778867
1.6848532199859618, 0.8240477016993931, -0.27035740250721574, 0.28060396124298376
1.6852756193705967, 0.8241036193711417, -0.27807779299716157, 0.278522324282676
1.685354345185416, 0.8241151588303702, -0.26337681493411463, 0.2816402891961237
1.685680787903922, 0.824157794884273, -0.27783471920217073, 0.27900850772857666
1.6859306812286377, 0.824191495350429, -0.28051776749392354, 0.27829512394964695
1.6863442659378052, 0.8242454051971435, -0.26261706867565704, 0.28253389351690805
1.6866491964885166, 0.8242860862186977, -0.23856718465685844, 0.28656995156779885
1.6870924881526401, 0.8243436694145203, -0.2478133421391249, 0.2851082142442464
1.6875645739691598, 0.8244061333792551, -0.2584933383235087, 0.28275013513242203
1.688138689313616, 0.8244812028748648, -0.2686895072693006, 0.2808563772899409
1.6886577027184622, 0.8245499576841082, -0.2835882560660442, 0.2776944014864664
1.6892215490341187, 0.8246244856289455, -0.2797532125065724, 0.27837123768404126
1.6897559779030935, 0.8246951631137303, -0.24625726385662955, 0.28492667044823367
1.6903833389282226, 0.8247781429971968, -0.25148193491622806, 0.2838010041353604
1.6909699440002441, 0.8248556971549987, -0.275918141628305, 0.2789321884823342
1.691477608680725, 0.8249235051018852, -0.2757573140164217, 0.2792523525034387
1.6918906893048968, 0.8249780757086618, -0.2388886670426776, 0.28651955568542087
1.692243892805917, 0.8250245400837489, -0.2593986359424889, 0.28254820918664336
1.6925165142331804, 0.8250606826373509, -0.2530272395039598, 0.2831864700031778
1.6928264992577688, 0.8250997696604048, -0.27766237718363596, 0.2788034950693448
1.6930786337171282, 0.8251319357327053, -0.24527443231393894, 0.28507943684235215
1.6933731521878923, 0.8251693606376648, -0.21543950486617786, 0.29136233140404033
1.6936730010168892, 0.8252075025013514, -0.25801123585551977, 0.2821350361530979
1.6939756836209978, 0.8252455813544137, -0.2190649880406757, 0.29036212246865034
1.694276874405997, 0.8252833655902317, -0.2380465149569015, 0.28640473866835237
1.6946182387215751, 0.8253267577716282, -0.23476548213511705, 0.2870473406898479
1.6949164935520717, 0.825364557334355, -0.24934872364004457, 0.284243418679883
1.695306716646467, 0.8254146354539054, -0.24674906643728414, 0.28431257403766114
1.695697443825858, 0.8254644513130188, -0.2458208290239175, 0.28435099404305214
1.6962344578334263, 0.8255338294165475, -0.26125453412532806, 0.28143890388309956
1.6966279745101929, 0.82558468239648, -0.25469948165118694, 0.2829258620428542
1.6969669648579189, 0.825627953665597, -0.24641213224579894, 0.28442990034818655
1.697295481818063, 0.8256692562784468, -0.2129804592890044, 0.29170275215680397
1.697569155693054, 0.8257028698921204, -0.2255516231137638, 0.2889339900575578
1.697824890272958, 0.8257342338562011, -0.2534669271359841, 0.28300746871779364
1.698052522114345, 0.8257622139794486, -0.20224556668351093, 0.2934721748655042
1.6983801092420305, 0.8258021695273263, -0.22130975088415047, 0.2892281979632873
1.6986353635787963, 0.8258339217730931, -0.23642069116855666, 0.28669507801532745
1.6988698516573224, 0.8258627567972455, -0.2219283368128042, 0.28936066835497815
1.6991293123790197, 0.825894672530038, -0.23877995895842713, 0.2858616844750941
1.6993600947516305, 0.8259232606206621, -0.2213284773752093, 0.28917353351910907
1.6996214866638184, 0.825955605506897, -0.22315701469779017, 0.2887318365586301
1.6998591423034668, 0.8259842923709324, -0.2226745312606605, 0.2895603287033737
1.7000682898930142, 0.8260089601789202, -0.20976709822813674, 0.2920861369930208
1.7002971308571952, 0.8260361279760088, -0.19564291710654894, 0.2946845227852463
1.700568403516497, 0.8260690893445696, -0.20292373808721703, 0.29392870562151074
1.70079939024789, 0.8260978443281991, -0.20721575318990898, 0.2928109865946074
1.7010568073817662, 0.8261294671467372, -0.19337091144795218, 0.2958628768101335
1.7013213804789953, 0.8261617881911142, -0.19265551841817796, 0.2951109010415772
1.7015981231416974, 0.8261959978512355, -0.2170287462649867, 0.29040785568455857
1.7018017496381488, 0.8262206622532435, -0.18253595056012273, 0.2978331265039742
1.7019862754004342, 0.8262429594993591, -0.23309352062642577, 0.28680267867942655
1.702217173576355, 0.8262703163283212, -0.22735399690767127, 0.2878549828504523
1.7024423735482352, 0.8262973036084856, -0.22292545903474095, 0.28873273606101674
1.7026252235685075, 0.8263190661157881, -0.24591452069580558, 0.284301957115531
1.7028501851218087, 0.8263454811913626, -0.22292195648575824, 0.2891110180256268
1.7030471631458828, 0.8263681496892656, -0.2424811782936256, 0.28506384091451764
1.7032523223331997, 0.8263919455664498, -0.2260986596811563, 0.288229396721969
1.7035159383501326, 0.8264228871890477, -0.2351643166815241, 0.2863764182354013
1.7037390300205775, 0.8264498880931309, -0.23106593545526266, 0.28712735992545885
1.7039805207933698, 0.8264791062899999, -0.18696179473772645, 0.296619889481614
1.7042360033307757, 0.8265093530927385, -0.2005687862789879, 0.29375975594545406
1.7045151778629848, 0.8265427419117519, -0.21580097979555524, 0.2904021170300741
1.7047101122992379, 0.8265665514128548, -0.17362313399401805, 0.2998167920547227
1.7049621037074498, 0.8265971234866551, -0.24262691785891854, 0.28488882708673663
1.7051667281559535, 0.8266223737171718, -0.18995656057571375, 0.29614546770850814
1.7054102522986276, 0.8266522884368896, -0.1946312353635827, 0.2949024421783785
1.7056879792894637, 0.8266868897846766, -0.20486477700372538, 0.29268358616779244
1.705985174860273, 0.8267237952777318, -0.20940152047357208, 0.2916342715422313
1.7063034602573939, 0.826763471535274, -0.22437496234973273, 0.28813080412025244
1.706604562486921, 0.826800423009055, -0.21562469098716974, 0.2902359197226663
1.706844973564148, 0.8268290281295776, -0.23021303303539756, 0.2871763578926524
1.706994550568717, 0.8268450907298497, -0.21662405505776408, 0.2903320357824365
1.70723671572549, 0.8268730504172189, -0.18307940731756386, 0.2970671555958689
1.7075622456414359, 0.8269119535173689, -0.23534630052745342, 0.2861697572904328
1.7077070917401995, 0.8269274762698582, -0.22438222790757814, 0.28829576587304473
1.7077376127243042, 0.8269260661942618, -0.21772205426047236, 0.2896956717595457
1.7078191450663975, 0.8269318444388253, -0.22901256009936338, 0.2873824038542806
1.7079412290028164, 0.8269419227327619, -0.21366307558491826, 0.29108271763349575
1.7081041165760584, 0.8269588232040406, -0.20202990310887498, 0.2931284535055359
1.708381942340306, 0.8269905856677464, -0.1971085085533559, 0.29470679412285483
1.708677567754473, 0.8270256383078439, -0.1915436270646751, 0.2956669041886925
1.708939562525068, 0.8270563840866089, -0.2160250312493493, 0.290624894356976
1.7092590434210642, 0.8270954098020281, -0.22544133740787706, 0.288617543100069
1.7097314187458583, 0.8271551830427987, -0.23265678311387697, 0.2868549173387389
1.7103593417576382, 0.8272357429776873, -0.23711616049210232, 0.2861997443251311
1.7108408791678293, 0.8272965107645307, -0.23889136376480263, 0.2855816216518481
1.7112622499465941, 0.827348986693791, -0.23083908793826902, 0.2873444437670211
1.711744144984654, 0.8274091482162476, -0.24335951109727225, 0.285074524426212
1.7122106449944632, 0.827466254574912, -0.2377983858653655, 0.28636976704001427
1.712569945199149, 0.8275089928082058, -0.2318020121504863, 0.28750064239526796
1.7128613233566283, 0.8275437457220894, -0.23742483307917905, 0.2865574066527187
1.713132848058428, 0.8275762915611267, -0.25863223398725194, 0.28235807580252476
1.7133470228740146, 0.8276022263935634, -0.2492086247851451, 0.2841583304107189
1.713543163027082, 0.8276262640953064, -0.23489129294951755, 0.28704834993307793
1.7137590782982963, 0.8276527643203735, -0.2320472340409954, 0.2876968580919007
1.7139687810625348, 0.8276783261980329, -0.2004712671041489, 0.29389124239484476
1.714217094012669, 0.8277089187077113, -0.19475803726042307, 0.2957481847455104
1.714457505089896, 0.8277384877204895, -0.2342445412650704, 0.28686566511169076
1.7146578686577933, 0.82776301077434, -0.2013356247916817, 0.29391482938081026
1.7148693425314767, 0.8277881928852626, -0.2081136620448282, 0.29252103188385564
1.7150555372238159, 0.8278118082455226, -0.23119872901588673, 0.2879770896397531
1.715162011555263, 0.8278257387025015, -0.1939555080898572, 0.2956046354956925
1.7153530257088798, 0.8278497423444475, -0.20316815322924717, 0.29368863052998984
1.7155049119676862, 0.8278690644672939, -0.19371023373484297, 0.295556621470799
1.7156657832009452, 0.8278887663568769, -0.17942119901999834, 0.2988415226961176
1.7157979249954223, 0.8279045394488743, -0.18207376605520645, 0.2979617545691629
1.7157807895115444, 0.8279012867382595, -0.1492923443826536, 0.3053595681364339
1.7157410212925501, 0.8278954880578178, -0.21363795967772603, 0.29172081841776776
1.7156963859285628, 0.8278887357030597, -0.20579897514350398, 0.2935810413522026
1.715719985961914, 0.8278895667621068, -0.19969945293269117, 0.29492312856018543
1.7158160039356776, 0.8279002445084708, -0.17989641768508588, 0.2989280984426539
1.7159040110451835, 0.8279108388083322, -0.19957375231509406, 0.2938720613407592
1.7160010712487357, 0.8279231548309326, -0.20501683002415422, 0.293298679869622
1.716100331715175, 0.8279358863830566, -0.11919126737241945, 0.3113421777573725
1.715977542740958, 0.8279163633074079, -0.15925523515519066, 0.303301267636319
1.7158690554755074, 0.8278984529631478, -0.2537740059196949, 0.2833734457381069
1.7157699380602156, 0.8278837323188781, -0.2542058235655229, 0.2832589101356765
1.7157353367124284, 0.8278780460357666, -0.11949420840149591, 0.3112636731627086
1.7158163172858103, 0.8278878450393676, -0.10429534397553654, 0.31376173192014295
1.7159580673490251, 0.8279064995901925, -0.018481259777521086, 0.33080884891872603
1.7163424457822527, 0.8279545273099627, -0.03210433359102657, 0.3269791511508326
1.7167177609034947, 0.8280019300324576, -0.0765642291905048, 0.31789985578507185
1.7170526470456804, 0.8280461958476475, -0.05192488435811051, 0.32345393843327963
1.717378786631993, 0.8280883772032601, -0.05979712400585414, 0.3211207158553104
1.7175106525421142, 0.8281086495944432, -0.04679279412569789, 0.3244353419480225
1.70521856376103, 0.8265858582087926, -0.12039034247087939, 0.30820345537116123
1.6971776860100882, 0.8255856037139893, -0.07682581377836563, 0.31754508443797624
1.6916954006467546, 0.8249028597559248, -0.09900774395403762, 0.3128185220994054
1.6880943162100657, 0.8244558147021702, -0.07368191300580898, 0.31793676332260173
1.6859864166804723, 0.8241974745477949, -0.10655413451604547, 0.31080069160088897
1.6846381119319371, 0.8240353294781276, -0.13432014454156158, 0.30493230698630214
1.684130903652736, 0.8239853705678667, -0.13077265480630254, 0.3085136151251694
1.6820583411625454, 0.823721410546984, -0.18349587257641056, 0.297617275112619
1.6734791381018503, 0.8225780810628619, -0.14605079859514566, 0.3053924593453606
1.6632971933909826, 0.8212067059108189, -0.10359160538064316, 0.31392291374504555
1.6570737600326537, 0.8203585250037057, -0.15675573166420992, 0.30251283198595047
1.653952431678772, 0.8199233906609672, -0.2388692943689724, 0.2855636375024915
1.651792015348162, 0.8196223480360848, -0.14369928631155443, 0.3055339742762347
1.6501139981406077, 0.8193878548485892, -0.12375122002170727, 0.3089762685510019
1.6490030356815883, 0.8192318269184657, -0.15014470712048933, 0.3042137435016532
1.6481333426066807, 0.8191085542951312, -0.2429336338148763, 0.28565828998883563
1.647235219819205, 0.818989930834089, -0.10769259899340493, 0.31224927181998885
1.6467662130083356, 0.8189286708831787, -0.1321272652712651, 0.3079967416512469
1.6465448924473354, 0.8188968334879194, -0.1674206353103121, 0.3005894191252689
1.6463223457336427, 0.8188655529703412, -0.09164877398870885, 0.31608908638978994
1.646234406743731, 0.8188530291829791, -0.08582600442847858, 0.3175998258714874
1.6460604906082152, 0.8188347782407488, -0.11302596578995387, 0.31113468762487173
1.645447131565639, 0.818764419215066, -0.11966900492552669, 0.30907716369256377
1.6453909397125244, 0.8187565309660775, -0.1160107598164662, 0.3091039232288798
1.6456330231257847, 0.8187928080558777, -0.26809013173139346, 0.2807009529011945
1.6455957855497088, 0.8187959585871015, -0.3243404511983195, 0.2695499455245833
1.645480227470398, 0.8187850832939148, -0.31922022222230834, 0.2701061085487405
1.6428483486175538, 0.8184368985039847, -0.33939494906614226, 0.2668847458747526
1.6415377242224558, 0.8182630709239415, -0.2855654999924202, 0.2781531096746524
1.6403607777186802, 0.8181072507585798, -0.26272373388443765, 0.2824938084619741
1.6403495720454624, 0.8181064367294312, -0.30287610467833775, 0.27439025758455193
1.64031617300851, 0.8181023240089417, -0.29801076122870046, 0.27413388605539996
1.6402917895998275, 0.8180991666657584, -0.33081326851000387, 0.26840088019768404
1.6364227090563093, 0.8175721083368573, -0.30242510170986253, 0.27400294598191977
1.6347262586866107, 0.8173359547342572, -0.33161160877595336, 0.2683075540699065
1.6336922645568848, 0.8171915343829563, -0.31750141767164075, 0.27030624868348246
1.6330537864140102, 0.8171024952616011, -0.3130204839011034, 0.2715695253573358
1.632702704838344, 0.8170532039233617, -0.3187083878243963, 0.27045198141907656
1.6325215748378208, 0.8170274547168187, -0.2896654545911588, 0.2764643096985916
1.6325041907174247, 0.8170246788433619, -0.2600969142901401, 0.28196407419939845
1.6326313257217406, 0.8170413289751325, -0.28127256408333784, 0.2774220793507994
1.6327874490192957, 0.8170635104179382, -0.3111629276536405, 0.27239406729737925
1.6332026617867605, 0.8171211889811925, -0.2456992960651405, 0.28519309234494955
1.6337850979396276, 0.8172022036143711, -0.2898639303942522, 0.2761434721760452
1.634510394505092, 0.8173027787889753, -0.26272089096407086, 0.2814733845492204
1.634496716090611, 0.8173055461474827, -0.22931211076987287, 0.2879916539726157
1.6354897703443254, 0.8174439515386309, -0.28923584784691536, 0.2758827184637388
1.6366456236158098, 0.8176053030150278, -0.252309262791338, 0.2832677906068663
1.6375406094959803, 0.8177370871816363, -0.2676066723652184, 0.2801745926650862
1.638401814869472, 0.8178636057036264, -0.226130057979996, 0.2886144376049439
1.639356129510062, 0.8179962958608354, -0.2697109665411214, 0.27975867688655853
1.6392210483551026, 0.8179821218763079, -0.2407732231852909, 0.2857529854712388
1.6398521423339845, 0.8180695244244167, -0.26622250831375516, 0.28064577591915923
1.640257137162345, 0.8181316375732421, -0.27967057346055907, 0.27774240029975766
1.64000871522086, 0.8181005886622837, -0.16787630597051856, 0.3013585149310529
1.6398652349199567, 0.8180837256567819, -0.20982338532727834, 0.29161320719867945
1.6404957328523908, 0.8181704436029706, -0.23481716686122436, 0.2865728602434198
1.6403989519391742, 0.8181605049542018, -0.22177959443069992, 0.28996976170067984
1.6410907677241735, 0.8182566285133361, -0.1971337307865421, 0.2944845083790521
1.6417920998164586, 0.8183596849441528, -0.1800673978480821, 0.2980482668305437
1.6426995413643972, 0.8184851867812021, -0.1726568036247045, 0.2991540767252445
1.6429335560117448, 0.8185202973229545, -0.21972470792631307, 0.2896426998389264
1.64386545249394, 0.8186481969697135, -0.1651786265429109, 0.3011176351768276
1.6446276869092669, 0.8187536069325039, -0.22185027832165363, 0.2892525165031354
1.6451739822115217, 0.8188344291278294, -0.14606559210612124, 0.30480829579755664
1.6444892133985247, 0.8187451669148036, -0.2307675851819416, 0.28844977713500464
1.6450524806976319, 0.8188227193696158, -0.19863304134923968, 0.2944836630485952
1.6448969432285854, 0.8188038195882524, -0.15194377846394974, 0.3037711183230083
1.6454144750322615, 0.8188741854258946, -0.2667388019617647, 0.2810913720168173
1.6458778994424001, 0.8189376541546413, -0.29926753820230556, 0.27426453617711855
1.6459290027618407, 0.8189563206263951, -0.30448050796985626, 0.2731988489006956
1.6462434904915946, 0.8190000857625689, -0.2790789181987445, 0.2780427335140606
1.6463522945131575, 0.8190209967749459, -0.2963773387794693, 0.27462166314944636
1.6465593712670463, 0.8190502456256321, -0.2878455615912875, 0.27629825348655374
1.6467884813036238, 0.8190818207604544, -0.2796599480013053, 0.27742916919911903
1.646962080683027, 0.8191056370735168, -0.27257958465876675, 0.2793546542525291
1.647116664477757, 0.8191265906606402, -0.2759106087032706, 0.27876067596177256
1.6471083675112044, 0.8191301958901541, -0.291435683146119, 0.27558947975436854
1.647177951676505, 0.8191403065408979, -0.2669723598907391, 0.279616580499957
1.6472439697810581, 0.8191495708056858, -0.271329066415395, 0.27957964735105634
1.647345267023359, 0.819163019316537, -0.28253324174632627, 0.2770016191837688
1.6474575144904, 0.8191780754498073, -0.2716458663344384, 0.27881163638085116
1.6475541387285506, 0.8191904221262251, -0.2891944646835327, 0.27582699665799737
1.6473441634859358, 0.8191622359412057, -0.2903636706372102, 0.27563807647675265
1.6474671704428536, 0.8191778200013297, -0.28853332127134, 0.27601020565877366
1.6473069497517177, 0.8191559059279305, -0.2839147094637156, 0.2766818691355487
1.6474436180932182, 0.8191738196781704, -0.2896525158236425, 0.2758809978452822
1.6475535665239607, 0.8191876019750323, -0.28778520536919433, 0.2761713036646445
1.6476637363433837, 0.8192013706479754, -0.284925589337945, 0.2766300638516744
1.6476845026016236, 0.8192025746617998, -0.2856129612773657, 0.2765643120122452
1.6474620171955654, 0.8191721558570861, -0.27006918191909796, 0.27918779291212564
1.6475334780556814, 0.8191808189664568, -0.28082703861097497, 0.2773685155746837
1.6476503780909948, 0.819195442540305, -0.2896370279292266, 0.27598996165518963
1.6477530956268311, 0.8192083835601807, -0.2849331883092722, 0.2767235976643861
1.6478908709117344, 0.8192253828048706, -0.28211149697502447, 0.27713192425047356
1.6479977778026036, 0.8192384089742388, -0.28484880675872165, 0.27676423297574115
1.64810859475817, 0.8192522542817252, -0.2744501642882825, 0.2784152682870626
1.6482186385563442, 0.8192662579672677, -0.28223500835398835, 0.27709101994211477
1.6483523505074638, 0.8192830324172974, -0.28072672151029116, 0.27732777440299594
1.648494131224496, 0.8193013259342738, -0.2790115308016539, 0.2777811534081897
1.648615496499198, 0.8193170019558498, -0.28395975505312276, 0.2768740757989387
1.6487463406154088, 0.8193334034511022, -0.26556265850861865, 0.2799751989853879
1.6488611459732057, 0.819348132610321, -0.26321087963879114, 0.2803494416487714
1.6489850214549473, 0.8193641236850193, -0.2812814669062693, 0.27732597074160964
1.649117922782898, 0.8193811246326992, -0.27461398517092067, 0.27852412654707825
1.649265251840864, 0.8193999528884888, -0.2610959839075804, 0.28078616643324505
1.649420928955078, 0.819419641154153, -0.26991196908056736, 0.27931139525026083
1.6495712416512625, 0.8194385732923235, -0.2837853288898866, 0.27698590606451035
1.6496852159500122, 0.8194530895778112, -0.29394524296124785, 0.2753239984934529
1.6498139313289097, 0.8194694893700736, -0.26824274845421314, 0.2795548241895934
1.649960674558367, 0.819488205228533, -0.2747477771093448, 0.27841684889669216
1.6501095567430768, 0.819506927898952, -0.2760375421494246, 0.27829271710167325
1.6502603837421963, 0.8195259894643511, -0.277518238251408, 0.27810013542572665
1.6503817285810198, 0.8195413470268249, -0.2745547903080781, 0.27853739478935785
1.650511748450143, 0.8195580550602504, -0.2744817814479271, 0.27858141018077726
1.6506082228251866, 0.8195701496941703, -0.28938217088580137, 0.2761484549070399
1.6507048981530326, 0.8195821745055062, -0.2799154072999954, 0.2777225816001495
1.6507814850125995, 0.8195918491908483, -0.2850233477850755, 0.2767875405649343
1.6508953809738158, 0.8196064932005745, -0.28385432002445066, 0.27698716629917425
1.6510188817977904, 0.8196223548480442, -0.27523216232657444, 0.27844460541382426
1.6511139835630144, 0.8196345720972333, -0.28055747722586, 0.2775527730894585
1.6512233904429845, 0.819648449761527, -0.28640049199263257, 0.2766365374748906
1.6513435976845878, 0.8196637834821429, -0.283035301292936, 0.2772211881044011
1.6514648948396955, 0.8196797234671457, -0.27582684842248756, 0.27835516817867745
1.6516082899911062, 0.8196981685502188, -0.2785759580632051, 0.27792846768473584
1.6517391443252563, 0.8197154147284371, -0.2814294639974833, 0.2775908350013197
1.6518580538885934, 0.8197307808058603, -0.2778861727565527, 0.27810347809766733
1.6519842181886946, 0.8197469472885132, -0.2646110672503709, 0.28033790830522787
1.652121649469648, 0.8197648133550371, -0.27344597068925697, 0.2788396763304869
1.652236863545009, 0.8197798592703683, -0.2791171558201313, 0.2779446452235182
1.6523632832935877, 0.8197965707097735, -0.2731817979365587, 0.2788086906075478
1.6525135585239956, 0.8198157242366246, -0.27652829078336566, 0.27824749688928324
1.6526765142168318, 0.8198370030948094, -0.276741818835338, 0.27831746886173886
1.6528347969055175, 0.8198573470115662, -0.2849395802865426, 0.27690565663700295
1.6529613631112234, 0.8198738728250776, -0.28621629873911536, 0.2767388921541472
1.6531064101627895, 0.8198927232197353, -0.2776765910287698, 0.2781721266607443
1.6532675674983432, 0.8199138266699655, -0.27495212356249493, 0.27863330797602726
1.6534572737557547, 0.819938394001552, -0.2796544389178356, 0.27780650462955236
1.6536580528531755, 0.8199648346219744, -0.27348492232461774, 0.27882057117919123
1.6539065429142543, 0.8199974008968898, -0.2805106602609157, 0.27771758800372487
1.6541746003287179, 0.8200325608253479, -0.2786049644152323, 0.27814015715072554
1.6544850417545864, 0.8200734036309378, -0.28636838371555007, 0.27677434294795
1.6548633881977626, 0.8201231087957109, -0.2954997333387534, 0.27540170230592287
1.6552002566201347, 0.8201674205916268, -0.2885911588867505, 0.2764497438135247
1.6555203335625785, 0.8202094163213457, -0.2851930931210518, 0.27702701976522803
1.6558320931025914, 0.8202504209109716, -0.2903294718513886, 0.2762670333807667
1.6561088119234357, 0.8202869040625436, -0.28665992555518943, 0.27689511934295297
1.6563815900257655, 0.8203228660992213, -0.2871583948532741, 0.27680702678238356
1.6566483088902064, 0.8203584432601929, -0.29002280036608385, 0.2763862921856344
1.6569132430212838, 0.8203938433102199, -0.2898773960769176, 0.27643024874851113
1.6572367021015713, 0.8204367092677525, -0.293661515538891, 0.27583162796994054
1.657604568345206, 0.8204859052385602, -0.3026498487840097, 0.27450208350395167
1.6580616235733032, 0.820546509538378, -0.2897895046820243, 0.2766082285282512
1.6585989168712072, 0.820617755821773, -0.30008865147829045, 0.27496422051141667
1.659222068105425, 0.8207009809357779, -0.3070327236006657, 0.2739302093784015
1.6599379573549544, 0.8207971845354353, -0.30047103390097624, 0.2750255836484332
1.6609014442988805, 0.8209262558392116, -0.3374023269861937, 0.26948952566211426
1.6617638758250646, 0.8210431320326669, -0.33971801834801835, 0.2692718103838464
1.662584137916565, 0.8211547800472805, -0.34332649782300007, 0.26886518625542527
1.6634302309581213, 0.8212697676249913, -0.36117713401714957, 0.266406526012967
1.6642087732042585, 0.8213764599391392, -0.36360080291827523, 0.26625118606413406
1.6649809871401107, 0.821481968675341, -0.38420560024678707, 0.26348077024643624
1.6655333382742745, 0.8215595194271632, -0.39603027328848844, 0.2620979853284856
1.6659036874771118, 0.8216131823403495, -0.412805687636137, 0.2599649850744754
1.6660954509462629, 0.8216439093862261, -0.4293054044246673, 0.2581106352154166
1.666059558732169, 0.8216460875102451, -0.46289812587201595, 0.2541892254569878
1.6658070053373064, 0.8216203144618444, -0.45547935428718733, 0.2552136998468389
1.6654501744679042, 0.8215802414076668, -0.47013248937825364, 0.2535789767280221
1.6649518285478864, 0.821521474633898, -0.4691256980101267, 0.2538751203877231
1.6643165043422155, 0.8214445863451276, -0.48665001181264717, 0.2520025409758091
1.6636010476521084, 0.8213564991950989, -0.4873284380882978, 0.2518950921172898
1.6628544058118548, 0.8212639774594989, -0.49649487063288683, 0.2509812247008085
1.6620811973299299, 0.821167778968811, -0.4968996265282234, 0.2511064278272291
1.6612357582364763, 0.8210625290870667, -0.5019005816429853, 0.2505235120964547
1.660365356717791, 0.8209537403924124, -0.47656711066762614, 0.25336841136837995
1.6595466988427299, 0.8208511165210179, -0.4924613864471516, 0.2516032572990904
1.6585831574031284, 0.8207298227718898, -0.5153740532696247, 0.24922037629100185
1.6575747523988997, 0.8206026315689087, -0.5179869793355465, 0.24904873330766952
1.656580216544015, 0.8204773460115705, -0.5202870480716227, 0.24883261113427577
1.6556013754435948, 0.820353536946433, -0.5143863403548796, 0.2495158992242068
1.6545766251427787, 0.8202236362865993, -0.5177781966825326, 0.24917251438212892
1.6535377774919782, 0.820091734613691, -0.4975694095094998, 0.2513102823868394
1.6525205169405257, 0.8199625253677368, -0.5194013404349488, 0.24906497681513431
1.6514243738991874, 0.8198226145335606, -0.5175797138363123, 0.24930469101915756
1.6503588472093855, 0.8196864724159241, -0.5226559862494469, 0.24873021656336877
1.6492553847176687, 0.8195454035486494, -0.5136178471148014, 0.24961127364076674
1.64814761025565, 0.8194038152694703, -0.5132335977007946, 0.24981436715461317
1.647076896258763, 0.81926646062306, -0.5156208723783493, 0.24946619034744794
1.6459655148642405, 0.8191239220755441, -0.505842287093401, 0.2506334217420469
1.64485079901559, 0.818980644430433, -0.530152207861344, 0.24822836679716906
1.6437487023217336, 0.818838940347944, -0.48877997727443767, 0.25368146784603596
1.642722841671535, 0.8187068598611015, -0.4950138808538517, 0.2516687848449995
1.64167434828622, 0.8185719200542995, -0.5041522930065792, 0.2508590763124327
1.6405761582510812, 0.8184302125658308, -0.5131145808845758, 0.24994965549558396
1.6395579338073731, 0.8182987877300807, -0.5151159130036829, 0.2495939024568846
1.6385357924870083, 0.8181667378970555, -0.5115932741512855, 0.25002426134111977
1.637370262827192, 0.8180197817938668, -0.5042515682677428, 0.25087581272237003
1.6268421070916312, 0.8165041140147618, -0.5296256771932045, 0.24730134957159552
1.6194297007152012, 0.8154330713408334, -0.5320748233546813, 0.24627185869030654
1.6141588074820383, 0.8146718093327113, -0.5509453937411308, 0.24406892720920345
1.6102939605712892, 0.8141163161822728, -0.5374943545709053, 0.24504161882214245
1.6072956119264876, 0.8136938214302063, -0.5440726100156705, 0.24421465420164168
1.6050767421722412, 0.8133804815156119, -0.5276370762536922, 0.2457065616423885
1.6033231905528478, 0.8131353514535087, -0.5364909296234449, 0.24474330137794215
1.6018049785069057, 0.8129259381975447, -0.5278686073919139, 0.24561771540902555
1.6005218403679984, 0.8127506239073617, -0.539813310528795, 0.244456288482373
1.599322601727077, 0.812588541848319, -0.5343202153841654, 0.24512866822381815
1.5982225043433054, 0.8124408091817583, -0.524174138903618, 0.245992440264672
1.5972163575036185, 0.8123065165110996, -0.5185665351649126, 0.2465242508333176
1.596220806666783, 0.8121740256037031, -0.5331957756231228, 0.24519553462353844
1.5952834333692278, 0.8120496409279959, -0.5429426922152439, 0.2439993037066112
1.594341949054173, 0.8119252000536238, -0.5247314311563968, 0.24575516263333455
1.5934375252042499, 0.8118062376976013, -0.5405905861407518, 0.24442013686833286
1.5924980231693813, 0.8116825682776315, -0.5351702968279519, 0.24494630765790745
1.5916263103485107, 0.8115679638726371, -0.5198896632840235, 0.24784409875671065
1.5907942976270404, 0.8114584309714181, -0.5290094576776028, 0.24561302511331934
1.5907066106796264, 0.8114555409976414, -0.16388961921135584, 0.2994077916567524
1.5915956565311977, 0.8115871514592852, -0.15407720394432545, 0.301076448832949
1.5930573974336897, 0.8118009516171046, -0.12061633772100325, 0.3089273592146734
1.5581912960324968, 0.8065482905932835, -0.5774247255176308, 0.23850893089547756
1.471189536367144, 0.7928576179913112, -0.6486485237255691, 0.22457156454523403
1.3872502497264316, 0.7787276574543545, -0.7242238397399584, 0.21055878147793314
1.3281029292515345, 0.7683744839259556, -0.7506909692504755, 0.20379244086022177
1.2860455461910794, 0.7611392072268894, -0.8036838173635865, 0.19584336872988695
1.2510376061711992, 0.7550244058881487, -0.8185328030922392, 0.19207818235736343
1.2269782764571053, 0.7509757484708514, -0.8482588291129407, 0.18797575018834323
1.2080673524311611, 0.747724505833217, -0.8651446700872233, 0.18545549719904855
1.1888665182249887, 0.7443315386772156, -0.8876176256841671, 0.1821066210977733
1.1759559852736337, 0.7420477288109916, -0.8732138229534029, 0.1821835929295048
1.168912136554718, 0.7411506720951625, -0.8770933933556082, 0.18138444439197582
1.1643794894218444, 0.7406691687447684, -0.9057446524966509, 0.17906589103707424
1.1610049418040684, 0.7402818032673427, -0.9114452064192543, 0.17920688190497458
1.1585508346557618, 0.7399904591696603, -0.9346415366356571, 0.17760081977273026
1.1566566262926374, 0.7397538406508309, -0.908898253304263, 0.17929873460282883
1.155227439744132, 0.7395693472453526, -0.9123278588522223, 0.17885532365956652
1.1540688702038355, 0.739414416040693, -0.8929711016826332, 0.18008596155171597
1.1531326498304095, 0.7392867360796247, -0.9096319103458276, 0.17948835331480947
1.1522697193281992, 0.7391650336129325, -0.898832170603176, 0.18041735348136476
1.1515724727085659, 0.7390660132680621, -0.898182387696579, 0.18078012834303078
1.1509741987500872, 0.7389818004199437, -0.8997058498983581, 0.18040187133010477
1.1503572481019155, 0.7388920783996582, -0.9050996464211495, 0.1800956982964029
1.1496833171163285, 0.7387907232557024, -0.8855487658487012, 0.18172058626078072
1.1491820403507778, 0.7387178029332843, -0.8806501438375564, 0.18256154408057534
1.1487860901015146, 0.738661858013698, -0.9039409765973688, 0.18071118687900406
1.1482863460268293, 0.7385889206613813, -0.8782230908982458, 0.18275274930056182
1.147867887360709, 0.7385305370603289, -0.8620779040114332, 0.1839064352679998
1.1474741561072213, 0.7384750536509923, -0.8783925654521831, 0.1829854055152585
1.1470105375562396, 0.7384069272450038, -0.8827406716688225, 0.18241533602122215
1.1465803691319056, 0.7383454169545854, -0.8662729988185068, 0.18396789211935047
1.146155423777444, 0.738283680166517, -0.8713657304955026, 0.18361004158699262
1.1458102072988237, 0.7382366486958095, -0.8622921291583527, 0.18461908012007675
1.145472582748958, 0.7381905402456012, -0.8552011266971628, 0.184927069193994
1.1451466628483364, 0.7381463612828936, -0.8803317424220343, 0.18311278393957767
1.1447897451264517, 0.7380969098636082, -0.863993098338445, 0.18465406292428568
1.1444823162896292, 0.7380553194454738, -0.8472571379970759, 0.18580155101759985
1.144240929399218, 0.7380255767277308, -0.8496181690134108, 0.18559405378376445
1.143920464175088, 0.737981881414141, -0.8480090080605198, 0.1860837055525432
1.1436472756522043, 0.7379441823278154, -0.8488141822163014, 0.18599538303290802
1.1433867130960738, 0.7379100101334708, -0.8889778058510274, 0.18320583847040933
1.143023213318416, 0.7378589340618679, -0.8614819595046963, 0.18510395230259746
1.142698848247528, 0.7378148555755615, -0.8733402180174987, 0.1846476407566418
1.142373468194689, 0.7377706067902702, -0.8328471273028603, 0.18770159024279562
1.1421314818518502, 0.7377399631908962, -0.8545766148793824, 0.18621682996551192
1.141735119479043, 0.7376826133046831, -0.8834731833000358, 0.1842509263660759
1.1413545199802944, 0.7376278417451041, -0.8286186377905933, 0.18834406319850439
1.141041510445731, 0.7375840714999607, -0.8586190567196659, 0.18623417429625988
1.1406910981450762, 0.7375344225338527, -0.8535205481263499, 0.18655392189975825
1.1403085793767656, 0.7374783362661089, -0.852551844708311, 0.18667654425371435
1.1399245500564574, 0.7374221767698016, -0.8484305921010673, 0.18741867078157762
1.1396120156560625, 0.7373792937823704, -0.8405057641988, 0.18781729352970913
1.1393145459038871, 0.737338638305664, -0.8316160597217581, 0.1887187456789737
1.1389937128339496, 0.7372930373464311, -0.8128239744110033, 0.19092307010820755
1.1387251002447947, 0.7372576321874346, -0.8414487382009005, 0.18830140032029402
1.1383996248245238, 0.7372118149484906, -0.8407720887335018, 0.18805050648127988
1.1380513991628374, 0.7371618015425546, -0.8359112667773538, 0.18872713774908337
1.1377310259001596, 0.7371160115514482, -0.8220469740917907, 0.1901839911394442
1.1374335714748927, 0.7370746544429234, -0.8435207581690821, 0.188378235247607
1.1371223773275103, 0.737031284400395, -0.8274798315251246, 0.18983261260048792
1.1368463856833322, 0.7369936432157244, -0.8167750514306439, 0.19132367292574298
1.1366085614476884, 0.7369626453944615, -0.8154622147170203, 0.19079942919779572
1.136383867263794, 0.736933273928506, -0.8213566285364021, 0.1906102622548739
1.1361611570630754, 0.7369049157415117, -0.8088050108441773, 0.19139176983541495
1.135939483983176, 0.7368763753346035, -0.80757213915543, 0.1915790542261675
1.1357660225459507, 0.7368567994662694, -0.8162806918262506, 0.19120366091374308
1.1355651310511998, 0.7368319204875401, -0.7915235080872662, 0.19303189831164974
1.1354102049555097, 0.7368148974009923, -0.7967311212754188, 0.1926384619437158
1.1352776152747017, 0.7368023071970259, -0.8052135182272951, 0.19214584061410275
1.135146542957851, 0.7367905991418021, -0.7966847491722242, 0.19306456161818156
1.1350330165454319, 0.7367819309234619, -0.7991090640522696, 0.19277868024073536
1.134931470666613, 0.7367745501654489, -0.8096267516278507, 0.19260657004391155
1.1348076718194144, 0.7367630055972508, -0.7969801236273876, 0.19344500871375203
1.134687648500715, 0.7367517641612462, -0.7982129437829524, 0.19318638179296008
1.134580295426505, 0.7367438367434911, -0.7900243394833524, 0.1941637408842022
1.1344279612813677, 0.7367268187659127, -0.7912303425643282, 0.1936875934867809
1.1343013422829764, 0.73671509878976, -0.7696860409826816, 0.196021973582295
1.1341378126825605, 0.7366956046649388, -0.7838947708126701, 0.1947505633191516
1.1339659299169267, 0.7366753458976746, -0.7456158793841798, 0.2000111619321009
1.133841483933585, 0.7366638098444257, -0.7397751141130964, 0.19971591827925297
1.1337262204715184, 0.7366533773286003, -0.7810662478793046, 0.1970547738407428
1.1335342066628593, 0.7366298573357718, -0.7806383277305332, 0.195336748030968
1.1333779011453902, 0.736611499105181, -0.7232701291466885, 0.2026407450515156
1.1332838995116097, 0.7366036227771214, -0.7473127996442297, 0.19851928103404737
1.133189501081194, 0.7365965162004743, -0.7137107877048644, 0.20375067562175297
1.133122512272426, 0.7365941848073687, -0.7768611037681694, 0.19622946918631592
1.1329670327050345, 0.7365760684013367, -0.7384452112576886, 0.2005947311020767
1.1328775712421961, 0.7365689856665475, -0.7592530816394477, 0.19736931500180313
1.1327531797545296, 0.7365560361317226, -0.6990791001329246, 0.20527433949367452
1.1327017392430987, 0.73655606508255, -0.6593627547820993, 0.21286168888521692
1.1327021360397338, 0.7365643875939506, -0.616555930662192, 0.21808654675260186
1.132759928703308, 0.7365823762757437, -0.5769106283163031, 0.21252908216168484
1.133190734045846, 0.7366636003766741, -0.5218485221266747, 0.219661488973846
1.1242213538714818, 0.7350632105554853, -0.5617792336270214, 0.21468438122731942
1.1185531122343881, 0.7340530667986188, -0.5406365955714136, 0.21792282870349786
1.1149943487984793, 0.7334205218723842, -0.5878381060125926, 0.21170001135518152
1.1128010988235473, 0.7330336008753096, -0.5188799001431714, 0.22214111584859592
1.111583513872964, 0.7328226447105408, -0.5408898008366424, 0.2218611610199635
1.110836466721126, 0.7326959797314235, -0.5089133084596446, 0.22534143769492698
1.1105960420199803, 0.732661657673972, -0.5648775118558358, 0.21813736871505773
1.1105665564537048, 0.7326657516615731, -0.5206730336261293, 0.22444551135413346
1.1107304011072432, 0.732704108101981, -0.516488390431429, 0.22486165980808437
1.110936483315059, 0.732749056816101, -0.5526244046632199, 0.21863787481561306
1.1112758415085928, 0.7328198432922364, -0.509924428537488, 0.22389204869978133
1.1116350105830601, 0.7328927908624921, -0.5459205857478082, 0.21888687903992834
1.1120470626013619, 0.7329759955406189, -0.5492407512695839, 0.21875419514253736
1.1125640170914786, 0.7330790042877198, -0.5484748138114811, 0.21801763439240557
1.1130585415022713, 0.7331772429602487, -0.5673356175733111, 0.21467611884387833
1.113528743812016, 0.733270365851266, -0.5146254886252184, 0.22419784342249233
1.1140926309994288, 0.7333810653005327, -0.5121622482159485, 0.22375776649763185
1.1145999584879194, 0.7334812641143799, -0.4947080107716223, 0.22639103746041658
1.1151710663522993, 0.7335925885609218, -0.558600112213753, 0.21624488732777536
1.1156375442232405, 0.7336845142500741, -0.6007916002223889, 0.20927675502995652
1.1161875775882175, 0.7337924650737218, -0.5008669004309922, 0.22498716437257832
1.1167724864823478, 0.7339066011565072, -0.5613337818843623, 0.21554502767200265
1.117339071205684, 0.7340179000582013, -0.5147214954292092, 0.22404885167876878
1.1178567716053553, 0.7341196315629142, -0.5981859851162882, 0.21066641978298625
1.1183507221085685, 0.7342167019844055, -0.5505071546261511, 0.21791177437019846
1.11881902047566, 0.7343087673187256, -0.5962006015082201, 0.2103411382995546
1.1192891086850847, 0.7344010029520307, -0.5548177898162977, 0.2175251374331614
1.1197895458766391, 0.7344997099467686, -0.49623472942039376, 0.22594731572705015
1.120288804599217, 0.7345977289336069, -0.4918923866935074, 0.2255671304495384
1.1208688242094857, 0.7347105451992579, -0.5617835356388242, 0.21485548078392944
1.1213929261480058, 0.7348122937338692, -0.553251258796081, 0.2183066985259453
1.1218362637928554, 0.7348992347717285, -0.5580129102648546, 0.21557971454846364
1.1223749961171832, 0.7350039073399135, -0.5605913909773033, 0.21688059678611654
1.1228734595435006, 0.7351016572543553, -0.582592843255649, 0.2132023862407853
1.1233440177781242, 0.7351931946618216, -0.5661917276059587, 0.21592624780411523
1.1238729647227697, 0.7352963362421309, -0.47804192861076444, 0.22834864421747622
1.1244284425462996, 0.7354033385004316, -0.4956530547545603, 0.22639331679480773
1.12498106104987, 0.7355091878346034, -0.5390442957092697, 0.21988262779389814
1.1254350423812867, 0.7355964779853821, -0.4992452954563002, 0.22745859095205864
1.1259084514209203, 0.7356884241104126, -0.4906687470308194, 0.2269308265919486
1.1264333265168327, 0.7357893637248448, -0.49639148187513155, 0.22473080541628107
1.1270015222685679, 0.7358979497637067, -0.525645835014681, 0.22083057649433613
1.1274891308375767, 0.7359915801456997, -0.5121366888439902, 0.2220702765819927
1.1279814652034215, 0.7360851066453117, -0.467956983173887, 0.22936972797227403
1.1206150463649205, 0.7346763849258423, -0.5126036506456634, 0.21954809144760173
1.0829619475773402, 0.7274493983813695, -0.6137640440526109, 0.20231411148173115
1.0469970941543578, 0.7203861270632063, -0.6863141929109889, 0.1896614452513556
1.0170623813356672, 0.7143995847020831, -0.7530316195140282, 0.17927412331725154
0.9960352352687291, 0.710141396522522, -0.8030600072816015, 0.17194732557982204
0.9822985512869699, 0.707337030342647, -0.8482465067257483, 0.16611938675244653
0.9736424854823521, 0.7055616923740932, -0.8594283225635685, 0.16413826084074876
0.9662852764129639, 0.7040457010269165, -0.888882417542239, 0.16071681422181427
0.9616452438490731, 0.7030889085360936, -0.8946283161640167, 0.15985021685870987
0.9589263898985726, 0.7025269423212324, -0.9004187049965066, 0.15905998953773334
0.9575324024472918, 0.7022384813853673, -0.9009715393185614, 0.15873308107256887
0.957113926751273, 0.7021409000669206, -0.9060589186847211, 0.15832370232480267
0.9572912420545305, 0.7021613206182208, -0.8949555351088443, 0.1593355829051385
0.9577812552452087, 0.7022536516189575, -0.8958609582235417, 0.15932921188262597
0.9583730288914272, 0.702371951511928, -0.8969393018633128, 0.15940939177138105
0.9590447528021676, 0.7025114263807024, -0.8971706625695028, 0.15942798663551605
0.9597880005836487, 0.7026697652680534, -0.8888935325667263, 0.1602997450778882
0.9605068053518023, 0.7028245057378496, -0.8924514995887877, 0.16010838071815667
0.9612791742597308, 0.7029906511306763, -0.8818218639741342, 0.16120391820246976
0.9621396218027387, 0.7031755328178406, -0.8910840693861245, 0.16054492148881158
0.9628878065517971, 0.7033359289169312, -0.8773470921441913, 0.16187171754427251
0.963654705456325, 0.7035004683903285, -0.878420503810048, 0.1619057005736977
0.964377076285226, 0.7036550777299063, -0.8765038233250378, 0.1622131454447905
0.9652540905135019, 0.703840514591762, -0.8760138098150492, 0.16234779039708278
0.9659287316458566, 0.7039842350142342, -0.8764378828927875, 0.1624530265107751
0.9667182343346732, 0.7041522928646633, -0.8620992101108035, 0.16392948245629674
0.9675169910703386, 0.7043212277548654, -0.8613063519199686, 0.16409002585957452
0.968252854687827, 0.7044764757156372, -0.87037214760979, 0.1634159152551244
0.9689623883792332, 0.7046265942709786, -0.8658173937971394, 0.1639216012166192
0.9697428141321455, 0.7047918370791844, -0.8615867778037987, 0.16444083753352362
0.9705714702606201, 0.7049661670412336, -0.8598985318094493, 0.16468195772419372
0.9713747245924813, 0.7051350661686488, -0.8719019020597142, 0.1637768171882878
0.9721119710377284, 0.7052902783666338, -0.856512387593587, 0.16533988566758726
0.9729168602398464, 0.7054593324661255, -0.8464435245841744, 0.1663219886055837
0.9737191523824419, 0.7056270974023001, -0.8596977296595772, 0.16519768823248643
0.9744926520756313, 0.7057897533689227, -0.8579366098468503, 0.16547599419330555
0.9752622979027884, 0.7059517775263106, -0.8468524947141607, 0.1666815681383014
0.9759708642959595, 0.7061004791940961, -0.8477919458722075, 0.1667117862962186
0.9768024785178048, 0.7062737090247018, -0.8459724405159553, 0.1668947031721473
0.9775140489850725, 0.706423032283783, -0.84468263356636, 0.16712755422728756
0.978317311831883, 0.7065905281475612, -0.833990145785113, 0.16832163603976366
0.9790217007909502, 0.7067380258015223, -0.8407314217959841, 0.1677543860084067
0.9797791600227356, 0.7068969982010977, -0.8362320875748992, 0.16829510646251342
0.9804765769413539, 0.7070445435387748, -0.8323957345758874, 0.16878614194380734
0.9811633518763951, 0.707191264629364, -0.8359165269260607, 0.168623642064631
0.982021713256836, 0.7073739852224078, -0.8316522246847552, 0.16911002170915407
0.9827361498560224, 0.707525508744376, -0.8310308059056599, 0.16934097240058085
0.9835721884455, 0.7077007276671273, -0.8211906574045619, 0.170458258362487
0.9843011311122349, 0.7078557303973607, -0.8250711765140292, 0.1702686209852497
0.9850906934056963, 0.7080244166510445, -0.8137342579041917, 0.17148417684560024
0.9858011892863683, 0.7081766843795776, -0.812592318902413, 0.17171133511389297
0.9865331700869969, 0.708337106023516, -0.8107787569363912, 0.17201890711051726
0.9872323955808368, 0.7084901315825326, -0.8159648692235351, 0.17160761790970963
0.9877531579562596, 0.7086044515882219, -0.8043334741766256, 0.17293243738822633
0.9884319799286979, 0.7087489979607718, -0.805181204341352, 0.17297985272792474
0.9891183597700937, 0.7088946989604406, -0.8012121347710491, 0.17350124552225077
0.9899235708372933, 0.7090625779969352, -0.7982256794348359, 0.1739855790510774
0.9906996812139238, 0.709224373953683, -0.7970459510882695, 0.17414239374920729
0.991442837033953, 0.7093792796134949, -0.7946910252794622, 0.17448861896991735
0.992104252747127, 0.7095175317355564, -0.7960913988451161, 0.17443297733552757
0.992747734274183, 0.709652156489236, -0.786165508752068, 0.17561862291768193
0.9934529049055917, 0.7097983172961644, -0.7842405013119181, 0.1758804994169623
0.994147104876382, 0.7099429982049125, -0.7883232111732167, 0.17555158150692785
0.9947508011545454, 0.7100695780345372, -0.7930356726671259, 0.1752028031429897
0.9955151506832668, 0.7102282728467669, -0.7812680859739581, 0.17653230717405677
0.9961242914199829, 0.7103560124124799, -0.7922721595192947, 0.1755166249349713
0.9967217837061201, 0.7104817935398646, -0.7828631953646737, 0.1765149218651155
0.9973928655896868, 0.7106229952403478, -0.7764252840230862, 0.17731145326979456
0.9980579699788775, 0.710762187412807, -0.7784151139979562, 0.17720319641133148
0.998674316065652, 0.7108921936580113, -0.7707177146027485, 0.17813332557367778
0.999374452659062, 0.711038064956665, -0.7731240671128035, 0.17794674541801211
1.0000970499856132, 0.7111882107598441, -0.7704204286759098, 0.1783543151492874
1.0007352266992842, 0.7113214152199882, -0.7725820768003662, 0.1782765913909922
1.001366743019649, 0.711453378200531, -0.7673053772499167, 0.1788666839711368
1.0020175984927586, 0.711588956628527, -0.7660792544484137, 0.17908260513407487
1.0026974030903408, 0.7117300936153956, -0.7632524330789844, 0.1794921859012296
1.0032634105001177, 0.7118487886020115, -0.7633820343762636, 0.17955225085218743
1.0038618309157235, 0.71197395665305, -0.7640708182007074, 0.17956303199753165
1.0045449444225856, 0.7121158174106053, -0.7620609343672791, 0.17987696321991578
1.005153042929513, 0.7122424006462097, -0.7582841794937851, 0.18038273796749613
1.0057988694735935, 0.7123765298298427, -0.7558830852309862, 0.1807370779570192
1.0064202053206308, 0.7125053559030805, -0.7510590947543584, 0.1813709367997944
1.0069907103266036, 0.7126245907374791, -0.7527502148101729, 0.18125702083731693
1.007656867163522, 0.7127623932702201, -0.75074661274751, 0.181567819789052
1.0084059749330794, 0.7129170792443412, -0.7483323582758505, 0.1819303903418283
1.0089842881475175, 0.7130374005862645, -0.7468023129428426, 0.18218616240968308
1.009645846911839, 0.7131737112998963, -0.7543311876555283, 0.18152802096058926
1.0102570806230817, 0.7133001548903329, -0.7412370610982177, 0.18298941881706318
1.010880424295153, 0.7134291461535862, -0.7410838659852742, 0.18308395597462854
1.0114208272525242, 0.7135417784963335, -0.7394236580779153, 0.18335163515682026
1.0120390449251448, 0.7136698637689863, -0.737870413189133, 0.1836105948314071
1.0126507997512817, 0.713796261378697, -0.7361517045646907, 0.18389003848036128
1.013228964805603, 0.7139157942363195, -0.7342176943396529, 0.1841895746377607
1.0137580037117004, 0.7140256541115897, -0.7311975214009484, 0.1846249966571728
1.0144779767308916, 0.7141721384865897, -0.7307045984392365, 0.1847540241045256
1.0151269912719727, 0.7143054042543684, -0.7264141102011005, 0.1853330053078632
1.015763579096113, 0.7144358839307513, -0.726333602331579, 0.1854187039037546
1.0164176089423043, 0.7145705461502075, -0.722069832806786, 0.18601176266868913
1.017079530443464, 0.7147064413343157, -0.7241316664343076, 0.18583796033635736
1.0178059322493418, 0.7148546848978315, -0.7200978289668759, 0.18639722932130093
1.0183782764843532, 0.7149723325456891, -0.719919290393591, 0.18648559879511595
1.0190931132861547, 0.7151177883148193, -0.7123374476407967, 0.1874939757399261
1.0197022591318403, 0.7152424846376692, -0.7172033286963899, 0.18696031905710694
1.0203631724630082, 0.7153778433799743, -0.7143935607746245, 0.18737381060297292
1.020874435561044, 0.7154830762318203, -0.7117836490894358, 0.18776399983714023
1.0215523719787598, 0.7156212159565517, -0.712198227023085, 0.1877774903550744
1.022237024988447, 0.7157606499535697, -0.7087227640052637, 0.188265943278869
1.0228731904711041, 0.7158896344048636, -0.7088105060781043, 0.18832976169263324
1.0235854625701903, 0.7160346525056022, -0.7052371781319381, 0.18884084792807698
1.0242512226104736, 0.7161693113190787, -0.700822968967259, 0.1894636414945126
1.0249719313212804, 0.7163158195359366, -0.7023034213731687, 0.18934868454622722
1.0256355932780674, 0.7164509415626525, -0.6970016925285258, 0.19009378552436831
1.026244843006134, 0.7165748936789377, -0.6988588102782766, 0.18997864580402773
1.0268831866128103, 0.716704499721527, -0.6976201214517157, 0.19012681472425658
1.0275142414229257, 0.7168323448726109, -0.6962277845789988, 0.1903553457620243
1.0281093086515154, 0.7169534291539873, -0.6875558700412512, 0.19152451430757836
1.0287183608327592, 0.717077602658953, -0.6949020698666571, 0.19065703125670555
1.0293317198753358, 0.7172021933964321, -0.6912490678951144, 0.19117956670622033
1.029946792125702, 0.7173274142401559, -0.6916685871159036, 0.1911889820670088
1.03061797107969, 0.7174630233219692, -0.6817424871648353, 0.19252278190106156
1.031242515359606, 0.7175899488585336, -0.6850902764126656, 0.19214000661546984
1.0319093244416373, 0.7177243930952889, -0.681327403212587, 0.1927188502935072
1.0324952159609113, 0.717843520641327, -0.6823468081032236, 0.19261550608401495
1.0331512536321368, 0.7179759638650077, -0.6755307307466863, 0.19357488583773375
1.0337311574390957, 0.7180938720703125, -0.682232894624273, 0.19276203494518995
1.034442572934287, 0.7182374068668911, -0.6808006853486102, 0.193011825128148
1.0350061212267194, 0.7183516791888646, -0.6763298825050393, 0.19365059413636723
1.035583782196045, 0.7184686422348022, -0.6796407038345932, 0.19328855024650693
1.0361873848097665, 0.7185904707227434, -0.6737488216410079, 0.1940976299035053
1.0367681094578334, 0.7187080213001796, -0.6714935870841146, 0.1944368795181314
1.037351850100926, 0.7188259635652815, -0.6701036250839632, 0.19467860367149112
1.0379512752805438, 0.7189466680799211, -0.6713017129028839, 0.1945832128015657
1.0385882360594614, 0.7190748248781477, -0.6705451123416426, 0.1947766190084318
1.0391499553407941, 0.7191885914121355, -0.6684688134118915, 0.19506919166694084
1.0398040499005998, 0.7193199838910784, -0.666990038473159, 0.1953229786207278
1.0404173833983286, 0.7194434642791748, -0.6655122538407644, 0.19557391681397954
1.0410118392535619, 0.7195630005427769, -0.6638148884909848, 0.19585138947392505
1.0417235255241395, 0.7197055407932826, -0.6624216923179725, 0.19609671784564855
1.042348645414625, 0.7198313253266471, -0.6608426736978192, 0.19636172521859407
1.042980991091047, 0.7199580958911351, -0.659399797519048, 0.19660971329237026
1.0436511039733887, 0.720092191014971, -0.6578848240897059, 0.19686852162703872
1.0443330475262234, 0.7202287316322327, -0.6562847467139362, 0.19713937460134429
1.0449450612068176, 0.7203510386603219, -0.6525015652490159, 0.19770269002765417
1.0456070150647845, 0.7204830748694283, -0.6533590659188727, 0.19764000223949554
1.046153667994908, 0.7205926077706474, -0.6521927257999777, 0.1978483037091792
1.0467768839427403, 0.7207173943519593, -0.6506132691477736, 0.1981138576132556
1.0473324009350369, 0.7208289163453239, -0.6481034457683562, 0.19849684989700714
1.0479575054986137, 0.7209542615073068, -0.6471326332539321, 0.19868514376382035
1.048580777645111, 0.7210786581039429, -0.6450111670419574, 0.19902408231670657
1.049139302117484, 0.7211905820029122, -0.6449999528316162, 0.19908041507005692
1.0497879590306962, 0.721319854259491, -0.643792270682752, 0.19929954099158445
1.050375473499298, 0.7214374320847647, -0.6422510800572733, 0.19955885658661526
1.0509196145193918, 0.7215459874698094, -0.640842937088261, 0.19979858274261156
1.0515833701406205, 0.7216779095785958, -0.6394013309230406, 0.20004871239264813
1.052236693246024, 0.7218076961381095, -0.6379870496069393, 0.2002945512843628
1.0528544647353035, 0.7219305242810931, -0.6366175936224561, 0.20053305197507143
1.0534847395760671, 0.7220558200563704, -0.6352094459968309, 0.20077750381703177
1.0540886385100228, 0.7221758314541408, -0.633850375500818, 0.20101412401224178
1.0546568819454738, 0.7222889746938433, -0.6325365977051357, 0.2012433105458816
1.055305198260716, 0.7224175589425224, -0.6311385586547357, 0.20148718977967897
1.0559154084750584, 0.7225387862750462, -0.6297962985311943, 0.2017223164439202
1.0565754447664533, 0.7226696389062064, -0.6281736544333398, 0.20199716277420524
1.0571323922702245, 0.7227802566119603, -0.6270960348968704, 0.20219417009502652
1.0577120338167463, 0.7228952084268843, -0.6257827094135185, 0.20242387025306618
1.0582539251872471, 0.7230027045522417, -0.624509908258915, 0.20264624385163185
1.0588126948901586, 0.72311350107193, -0.6229203687980772, 0.20291211099053422
1.0594183359827314, 0.7232337304524012, -0.621912807536622, 0.2031025880326827
1.060041504246848, 0.723356762954167, -0.6205747917604941, 0.20333760821570954
1.0606094121932983, 0.7234686544963291, -0.6192838813488684, 0.20356347147996226
1.0612316829817636, 0.7235915064811707, -0.6179843322994809, 0.20379334191481274
1.061822383744376, 0.7237076248441424, -0.6166724044208725, 0.204022853790472
1.062426119191306, 0.7238267251423427, -0.6153726739188036, 0.20425201253965497
1.0630212204796927, 0.7239444885935102, -0.6140884775668383, 0.20447940131028497
1.0636309334209988, 0.7240650500570025, -0.6127937959196667, 0.20470891147851952
1.0642260909080505, 0.7241825222969055, -0.61152885047098, 0.20493336068466306
1.0648647461618697, 0.7243084294455392, -0.6102075297385455, 0.20516762432331842
1.0655024170875549, 0.7244340419769287, -0.6089565842412412, 0.20539239840582016
1.0660875933510916, 0.7245493718555995, -0.6076470526556174, 0.2056224681437016
